username,review,rating,date,likes,sentiment,language,case_folding,cleaning,token,stopword,stemming,processed_text
Swiven Hc,"ini mah scam, mau deposit dlu sebelum bisa connect. kalau uda deposit terus ditolak ya sama aja cuma buang duit kalau gitu. GAK recommend!!.",1,2026-04-28 14:07:46,0,negatif,id,"ini mah scam, mau deposit dlu sebelum bisa connect. kalau uda deposit terus ditolak ya sama aja cuma buang duit kalau gitu. gak recommend!!.",ini mah scam mau deposit dlu sebelum bisa connect kalau uda deposit terus ditolak ya sama aja cuma buang duit kalau gitu gak recommend,"['ini', 'mah', 'scam', 'mau', 'deposit', 'dlu', 'sebelum', 'bisa', 'connect', 'kalau', 'uda', 'deposit', 'terus', 'ditolak', 'ya', 'sama', 'aja', 'cuma', 'buang', 'duit', 'kalau', 'gitu', 'gak', 'recommend']","['mah', 'scam', 'deposit', 'dlu', 'connect', 'uda', 'deposit', 'ditolak', 'ya', 'aja', 'buang', 'duit', 'gitu', 'gak', 'recommend']","['mah', 'scam', 'deposit', 'dlu', 'connect', 'uda', 'deposit', 'tolak', 'ya', 'aja', 'buang', 'duit', 'gitu', 'gak', 'recommend']",mah scam deposit dlu connect uda deposit tolak ya aja buang duit gitu gak recommend
Galang Erlangga,saya masih pemula dan saya yakin aplikasi ini propesional,5,2026-04-27 00:42:47,0,positif,id,saya masih pemula dan saya yakin aplikasi ini propesional,saya masih pemula dan saya yakin aplikasi ini propesional,"['saya', 'masih', 'pemula', 'dan', 'saya', 'yakin', 'aplikasi', 'ini', 'propesional']","['pemula', 'aplikasi', 'propesional']","['mula', 'aplikasi', 'propesional']",mula aplikasi propesional
Snb Project,very good for work,5,2026-04-26 23:05:18,0,positif,en,very good for work,very good for work,"['very', 'good', 'for', 'work']","['good', 'work']","['good', 'work']",good work
saskia Safta aulya,apa maksud dari code promo saya tidak bisa apply pekerjaan karna gak punya code promo,3,2026-04-25 02:00:35,0,netral,id,apa maksud dari code promo saya tidak bisa apply pekerjaan karna gak punya code promo,apa maksud dari code promo saya tidak bisa apply pekerjaan karna gak punya code promo,"['apa', 'maksud', 'dari', 'code', 'promo', 'saya', 'tidak', 'bisa', 'apply', 'pekerjaan', 'karna', 'gak', 'punya', 'code', 'promo']","['maksud', 'code', 'promo', 'apply', 'pekerjaan', 'karna', 'gak', 'code', 'promo']","['maksud', 'code', 'promo', 'apply', 'kerja', 'karna', 'gak', 'code', 'promo']",maksud code promo apply kerja karna gak code promo
LAILI FITRIYADI,good choice find job for your passion,5,2026-04-24 14:01:49,0,positif,en,good choice find job for your passion,good choice find job for your passion,"['good', 'choice', 'find', 'job', 'for', 'your', 'passion']","['good', 'choice', 'find', 'job', 'passion']","['good', 'choic', 'find', 'job', 'passion']",good choic find job passion
Ruud Suhendar,recommended,5,2026-04-21 10:33:44,0,positif,en,recommended,recommended,['recommended'],['recommended'],['recommend'],recommend
Arie Pramesta,Useful apps to find a remote job all around the world!,5,2026-04-21 08:10:03,0,positif,en,useful apps to find a remote job all around the world!,useful apps to find a remote job all around the world,"['useful', 'apps', 'to', 'find', 'a', 'remote', 'job', 'all', 'around', 'the', 'world']","['useful', 'apps', 'find', 'remote', 'job', 'around', 'world']","['use', 'app', 'find', 'remot', 'job', 'around', 'world']",use app find remot job around world
Papa Nanda,peluang cuan,5,2026-04-21 00:25:25,0,positif,id,peluang cuan,peluang cuan,"['peluang', 'cuan']","['peluang', 'cuan']","['peluang', 'cuan']",peluang cuan
Andre BWid,"sangat mrmbantu, tapi belum, pernah dapat job",5,2026-04-21 00:00:28,2,positif,id,"sangat mrmbantu, tapi belum, pernah dapat job",sangat mrmbantu tapi belum pernah dapat job,"['sangat', 'mrmbantu', 'tapi', 'belum', 'pernah', 'dapat', 'job']","['mrmbantu', 'job']","['mrmbantu', 'job']",mrmbantu job
ilektro shop,Best aplication freelancer,5,2026-04-16 18:04:09,0,positif,en,best aplication freelancer,best aplication freelancer,"['best', 'aplication', 'freelancer']","['best', 'aplication', 'freelancer']","['best', 'aplic', 'freelanc']",best aplic freelanc
icad funbee,bagus,5,2026-04-14 15:04:25,0,positif,id,bagus,bagus,['bagus'],['bagus'],['bagus'],bagus
Rydha Arlini,lumayan buat cari uang tambahan,5,2026-04-12 03:41:28,1,positif,id,lumayan buat cari uang tambahan,lumayan buat cari uang tambahan,"['lumayan', 'buat', 'cari', 'uang', 'tambahan']","['lumayan', 'cari', 'uang', 'tambahan']","['lumayan', 'cari', 'uang', 'tambah']",lumayan cari uang tambah
Lidia Natalia,Great,5,2026-04-11 14:16:43,0,positif,en,great,great,['great'],['great'],['great'],great
Ali Febri,tidak ada bahasa Indonesia,4,2026-04-10 16:25:24,3,positif,id,tidak ada bahasa indonesia,tidak ada bahasa indonesia,"['tidak', 'ada', 'bahasa', 'indonesia']","['bahasa', 'indonesia']","['bahasa', 'indonesia']",bahasa indonesia
Arisk Satriyan,Overall is good.,5,2026-04-08 11:45:02,0,positif,en,overall is good.,overall is good,"['overall', 'is', 'good']","['overall', 'good']","['overal', 'good']",overal good
Ahmad Tirtayasa,good opportunity,5,2026-04-07 12:52:37,0,positif,en,good opportunity,good opportunity,"['good', 'opportunity']","['good', 'opportunity']","['good', 'opportun']",good opportun
Putri Sulfina,apa gak bisa pake bahasa Indonesia?,5,2026-04-04 10:21:46,4,positif,id,apa gak bisa pake bahasa indonesia?,apa gak bisa pake bahasa indonesia,"['apa', 'gak', 'bisa', 'pake', 'bahasa', 'indonesia']","['gak', 'pake', 'bahasa', 'indonesia']","['gak', 'pake', 'bahasa', 'indonesia']",gak pake bahasa indonesia
Fadli Adbamilah,"hahahah gua mau kerja karena butuh duit, ini pas mau nyari kerja malah dimintain duit suruh langganan jir lah🗿",1,2026-04-02 04:19:39,0,negatif,id,"hahahah gua mau kerja karena butuh duit, ini pas mau nyari kerja malah dimintain duit suruh langganan jir lah🗿",hahahah gua mau kerja karena butuh duit ini pas mau nyari kerja malah dimintain duit suruh langganan jir lah,"['hahahah', 'gua', 'mau', 'kerja', 'karena', 'butuh', 'duit', 'ini', 'pas', 'mau', 'nyari', 'kerja', 'malah', 'dimintain', 'duit', 'suruh', 'langganan', 'jir', 'lah']","['hahahah', 'gua', 'kerja', 'butuh', 'duit', 'pas', 'nyari', 'kerja', 'dimintain', 'duit', 'suruh', 'langganan', 'jir']","['hahahah', 'gua', 'kerja', 'butuh', 'duit', 'pas', 'nyari', 'kerja', 'dimintain', 'duit', 'suruh', 'langgan', 'jir']",hahahah gua kerja butuh duit pas nyari kerja dimintain duit suruh langgan jir
Berto Daeng,hanya ingin tahu apakah benar yang dikatakan orang lain 😊🤭,5,2026-04-02 02:44:42,0,positif,id,hanya ingin tahu apakah benar yang dikatakan orang lain 😊🤭,hanya ingin tahu apakah benar yang dikatakan orang lain,"['hanya', 'ingin', 'tahu', 'apakah', 'benar', 'yang', 'dikatakan', 'orang', 'lain']",['orang'],['orang'],orang
Pengguna Google,Up work aplikasi bagus buat berkreasi dan menghasilkan cuan yang banyak. Saya sangat puas.,5,2026-04-01 14:44:29,11,positif,id,up work aplikasi bagus buat berkreasi dan menghasilkan cuan yang banyak. saya sangat puas.,up work aplikasi bagus buat berkreasi dan menghasilkan cuan yang banyak saya sangat puas,"['up', 'work', 'aplikasi', 'bagus', 'buat', 'berkreasi', 'dan', 'menghasilkan', 'cuan', 'yang', 'banyak', 'saya', 'sangat', 'puas']","['up', 'work', 'aplikasi', 'bagus', 'berkreasi', 'menghasilkan', 'cuan', 'puas']","['up', 'work', 'aplikasi', 'bagus', 'kreasi', 'hasil', 'cuan', 'puas']",up work aplikasi bagus kreasi hasil cuan puas
MUTIARA,buruk,1,2026-04-01 02:40:12,0,negatif,id,buruk,buruk,['buruk'],['buruk'],['buruk'],buruk
Ahmed Syabani,keren nih aplikasi,5,2026-03-31 17:26:04,0,positif,id,keren nih aplikasi,keren nih aplikasi,"['keren', 'nih', 'aplikasi']","['keren', 'nih', 'aplikasi']","['keren', 'nih', 'aplikasi']",keren nih aplikasi
Aurel Mali loe,thank you,5,2026-03-31 15:51:12,0,positif,en,thank you,thank you,"['thank', 'you']",['thank'],['thank'],thank
Raven Kazuma,platform bagus cuman harus efforts buat pemula sama ini bisa gratis cuman efforts tinggi karna connets nya beli ya. good luck for Everyone,4,2026-03-28 10:51:46,5,positif,en,platform bagus cuman harus efforts buat pemula sama ini bisa gratis cuman efforts tinggi karna connets nya beli ya. good luck for everyone,platform bagus cuman harus efforts buat pemula sama ini bisa gratis cuman efforts tinggi karna connets nya beli ya good luck for everyone,"['platform', 'bagus', 'cuman', 'harus', 'efforts', 'buat', 'pemula', 'sama', 'ini', 'bisa', 'gratis', 'cuman', 'efforts', 'tinggi', 'karna', 'connets', 'nya', 'beli', 'ya', 'good', 'luck', 'for', 'everyone']","['platform', 'bagus', 'cuman', 'harus', 'efforts', 'buat', 'pemula', 'sama', 'ini', 'bisa', 'gratis', 'cuman', 'efforts', 'tinggi', 'karna', 'connets', 'nya', 'beli', 'ya', 'good', 'luck', 'everyone']","['platform', 'bagu', 'cuman', 'haru', 'effort', 'buat', 'pemula', 'sama', 'ini', 'bisa', 'grati', 'cuman', 'effort', 'tinggi', 'karna', 'connet', 'nya', 'beli', 'ya', 'good', 'luck', 'everyon']",platform bagu cuman haru effort buat pemula sama ini bisa grati cuman effort tinggi karna connet nya beli ya good luck everyon
Rahmat Bae,belum pernah,3,2026-03-21 05:19:49,0,netral,id,belum pernah,belum pernah,"['belum', 'pernah']",[],[],
massayuaulia0108,susah buat upload profil pas mau daftar,1,2026-03-20 01:41:33,0,negatif,id,susah buat upload profil pas mau daftar,susah buat upload profil pas mau daftar,"['susah', 'buat', 'upload', 'profil', 'pas', 'mau', 'daftar']","['susah', 'upload', 'profil', 'pas', 'daftar']","['susah', 'upload', 'profil', 'pas', 'daftar']",susah upload profil pas daftar
Server portugis,nyari kerja dipersusah mulu,1,2026-03-17 05:30:43,0,negatif,id,nyari kerja dipersusah mulu,nyari kerja dipersusah mulu,"['nyari', 'kerja', 'dipersusah', 'mulu']","['nyari', 'kerja', 'dipersusah', 'mulu']","['nyari', 'kerja', 'susah', 'mulu']",nyari kerja susah mulu
Faris Farid,"The application is good for finding jobs but there are some features missing such as English translation, because not everyone who wants to work can speak English fluently. But the application is very helpful.",4,2026-03-16 03:32:06,0,positif,en,"the application is good for finding jobs but there are some features missing such as english translation, because not everyone who wants to work can speak english fluently. but the application is very helpful.",the application is good for finding jobs but there are some features missing such as english translation because not everyone who wants to work can speak english fluently but the application is very helpful,"['the', 'application', 'is', 'good', 'for', 'finding', 'jobs', 'but', 'there', 'are', 'some', 'features', 'missing', 'such', 'as', 'english', 'translation', 'because', 'not', 'everyone', 'who', 'wants', 'to', 'work', 'can', 'speak', 'english', 'fluently', 'but', 'the', 'application', 'is', 'very', 'helpful']","['application', 'good', 'finding', 'jobs', 'features', 'missing', 'english', 'translation', 'everyone', 'wants', 'work', 'speak', 'english', 'fluently', 'application', 'helpful']","['applic', 'good', 'find', 'job', 'featur', 'miss', 'english', 'translat', 'everyon', 'want', 'work', 'speak', 'english', 'fluentli', 'applic', 'help']",applic good find job featur miss english translat everyon want work speak english fluentli applic help
Muhammad Hisyam B,gak bisa login. padahal email dan katasandi sudah benar,1,2026-03-15 05:40:21,10,negatif,id,gak bisa login. padahal email dan katasandi sudah benar,gak bisa login padahal email dan katasandi sudah benar,"['gak', 'bisa', 'login', 'padahal', 'email', 'dan', 'katasandi', 'sudah', 'benar']","['gak', 'login', 'email', 'katasandi']","['gak', 'login', 'email', 'katasandi']",gak login email katasandi
Steve,error application is useless to download,1,2026-03-13 07:18:29,0,negatif,en,error application is useless to download,error application is useless to download,"['error', 'application', 'is', 'useless', 'to', 'download']","['error', 'application', 'useless', 'download']","['error', 'applic', 'useless', 'download']",error applic useless download
moch ismar Daffa,"saya belum bisa menggunakan aplikasi ini, karena harus membeli Connect dulu untuk bisa melakukan apply ke lamaran pekerjaan.",2,2026-03-12 22:50:53,8,negatif,id,"saya belum bisa menggunakan aplikasi ini, karena harus membeli connect dulu untuk bisa melakukan apply ke lamaran pekerjaan.",saya belum bisa menggunakan aplikasi ini karena harus membeli connect dulu untuk bisa melakukan apply ke lamaran pekerjaan,"['saya', 'belum', 'bisa', 'menggunakan', 'aplikasi', 'ini', 'karena', 'harus', 'membeli', 'connect', 'dulu', 'untuk', 'bisa', 'melakukan', 'apply', 'ke', 'lamaran', 'pekerjaan']","['aplikasi', 'membeli', 'connect', 'apply', 'lamaran', 'pekerjaan']","['aplikasi', 'beli', 'connect', 'apply', 'lamar', 'kerja']",aplikasi beli connect apply lamar kerja
- Mohamad Azmi Nudin,Apk remote jobs dengan profesional yang baik,4,2026-03-09 19:20:52,6,positif,id,apk remote jobs dengan profesional yang baik,apk remote jobs dengan profesional yang baik,"['apk', 'remote', 'jobs', 'dengan', 'profesional', 'yang', 'baik']","['apk', 'remote', 'jobs', 'profesional']","['apk', 'remote', 'jobs', 'profesional']",apk remote jobs profesional
Haddaza Alexa,"secara umum menarik, sayang saya kesulitan masuk akun saya sendiri karena fungsi fitur lupa password nya, Kurang berfungsi",4,2026-03-09 04:50:01,0,positif,id,"secara umum menarik, sayang saya kesulitan masuk akun saya sendiri karena fungsi fitur lupa password nya, kurang berfungsi",secara umum menarik sayang saya kesulitan masuk akun saya sendiri karena fungsi fitur lupa password nya kurang berfungsi,"['secara', 'umum', 'menarik', 'sayang', 'saya', 'kesulitan', 'masuk', 'akun', 'saya', 'sendiri', 'karena', 'fungsi', 'fitur', 'lupa', 'password', 'nya', 'kurang', 'berfungsi']","['menarik', 'sayang', 'kesulitan', 'masuk', 'akun', 'fungsi', 'fitur', 'lupa', 'password', 'nya', 'berfungsi']","['tarik', 'sayang', 'sulit', 'masuk', 'akun', 'fungsi', 'fitur', 'lupa', 'password', 'nya', 'fungsi']",tarik sayang sulit masuk akun fungsi fitur lupa password nya fungsi
MUHAMMAD NUR ROHMAN,kepana saya tidak bisa membeli connect??? tidak muncul buy nya,3,2026-03-07 15:30:12,0,netral,id,kepana saya tidak bisa membeli connect??? tidak muncul buy nya,kepana saya tidak bisa membeli connect tidak muncul buy nya,"['kepana', 'saya', 'tidak', 'bisa', 'membeli', 'connect', 'tidak', 'muncul', 'buy', 'nya']","['kepana', 'membeli', 'connect', 'muncul', 'buy', 'nya']","['pana', 'beli', 'connect', 'muncul', 'buy', 'nya']",pana beli connect muncul buy nya
Raja Daulika,"very good, thank you",5,2026-02-27 03:45:57,0,positif,en,"very good, thank you",very good thank you,"['very', 'good', 'thank', 'you']","['good', 'thank']","['good', 'thank']",good thank
Muhammad Fakhri,I am disappointed that my account was suspended and the connection in it was lost without any refund.,1,2026-02-18 08:16:07,0,negatif,en,i am disappointed that my account was suspended and the connection in it was lost without any refund.,i am disappointed that my account was suspended and the connection in it was lost without any refund,"['i', 'am', 'disappointed', 'that', 'my', 'account', 'was', 'suspended', 'and', 'the', 'connection', 'in', 'it', 'was', 'lost', 'without', 'any', 'refund']","['disappointed', 'account', 'suspended', 'connection', 'lost', 'without', 'refund']","['disappoint', 'account', 'suspend', 'connect', 'lost', 'without', 'refund']",disappoint account suspend connect lost without refund
MD Gaming,bisa ngga ini filter nya ada bahasa Indonesia nya biar bisa dipahami,4,2026-02-10 23:00:33,0,positif,id,bisa ngga ini filter nya ada bahasa indonesia nya biar bisa dipahami,bisa ngga ini filter nya ada bahasa indonesia nya biar bisa dipahami,"['bisa', 'ngga', 'ini', 'filter', 'nya', 'ada', 'bahasa', 'indonesia', 'nya', 'biar', 'bisa', 'dipahami']","['ngga', 'filter', 'nya', 'bahasa', 'indonesia', 'nya', 'biar', 'dipahami']","['ngga', 'filter', 'nya', 'bahasa', 'indonesia', 'nya', 'biar', 'paham']",ngga filter nya bahasa indonesia nya biar paham
sintaa susilaaa,"My advice is that if the job vacancy we are applying for uses Connect, for example, 1 Connect to apply at Company B, and then Company B does not accept our application, my advice is to return the Connect, because not everyone has Connect, especially in Indonesia where it is quite expensive. Thank you :)",3,2026-01-30 04:55:52,0,netral,en,"my advice is that if the job vacancy we are applying for uses connect, for example, 1 connect to apply at company b, and then company b does not accept our application, my advice is to return the connect, because not everyone has connect, especially in indonesia where it is quite expensive. thank you :)",my advice is that if the job vacancy we are applying for uses connect for example  connect to apply at company b and then company b does not accept our application my advice is to return the connect because not everyone has connect especially in indonesia where it is quite expensive thank you,"['my', 'advice', 'is', 'that', 'if', 'the', 'job', 'vacancy', 'we', 'are', 'applying', 'for', 'uses', 'connect', 'for', 'example', 'connect', 'to', 'apply', 'at', 'company', 'b', 'and', 'then', 'company', 'b', 'does', 'not', 'accept', 'our', 'application', 'my', 'advice', 'is', 'to', 'return', 'the', 'connect', 'because', 'not', 'everyone', 'has', 'connect', 'especially', 'in', 'indonesia', 'where', 'it', 'is', 'quite', 'expensive', 'thank', 'you']","['advice', 'job', 'vacancy', 'applying', 'uses', 'connect', 'example', 'connect', 'apply', 'company', 'b', 'company', 'b', 'accept', 'application', 'advice', 'return', 'connect', 'everyone', 'connect', 'especially', 'indonesia', 'quite', 'expensive', 'thank']","['advic', 'job', 'vacanc', 'appli', 'use', 'connect', 'exampl', 'connect', 'appli', 'compani', 'b', 'compani', 'b', 'accept', 'applic', 'advic', 'return', 'connect', 'everyon', 'connect', 'especi', 'indonesia', 'quit', 'expens', 'thank']",advic job vacanc appli use connect exampl connect appli compani b compani b accept applic advic return connect everyon connect especi indonesia quit expens thank
Muhammad Riski,so easy to use 👍👍👍,5,2026-01-25 04:00:18,0,positif,en,so easy to use 👍👍👍,so easy to use,"['so', 'easy', 'to', 'use']","['easy', 'use']","['easi', 'use']",easi use
Salari fams,"bagus, semoga kedepannya bisa muncul di notification buat job terbaru yang baru di upload jdi bisa lebih gercep lg🤭",5,2026-01-20 11:08:01,30,positif,id,"bagus, semoga kedepannya bisa muncul di notification buat job terbaru yang baru di upload jdi bisa lebih gercep lg🤭",bagus semoga kedepannya bisa muncul di notification buat job terbaru yang baru di upload jdi bisa lebih gercep lg,"['bagus', 'semoga', 'kedepannya', 'bisa', 'muncul', 'di', 'notification', 'buat', 'job', 'terbaru', 'yang', 'baru', 'di', 'upload', 'jdi', 'bisa', 'lebih', 'gercep', 'lg']","['bagus', 'semoga', 'kedepannya', 'muncul', 'notification', 'job', 'terbaru', 'upload', 'jdi', 'gercep', 'lg']","['bagus', 'moga', 'depan', 'muncul', 'notification', 'job', 'baru', 'upload', 'jdi', 'gercep', 'lg']",bagus moga depan muncul notification job baru upload jdi gercep lg
Krisna Murti,"Sementara 4 dulu, masih belum dapat project soalnya",4,2026-01-18 09:28:42,1,positif,id,"sementara 4 dulu, masih belum dapat project soalnya",sementara  dulu masih belum dapat project soalnya,"['sementara', 'dulu', 'masih', 'belum', 'dapat', 'project', 'soalnya']",['project'],['project'],project
21 Dreams,the best way to search side hustle job,5,2026-01-14 08:59:13,0,positif,en,the best way to search side hustle job,the best way to search side hustle job,"['the', 'best', 'way', 'to', 'search', 'side', 'hustle', 'job']","['best', 'way', 'search', 'side', 'hustle', 'job']","['best', 'way', 'search', 'side', 'hustl', 'job']",best way search side hustl job
fury Yoga Pradana,Good Job on Upwork,5,2026-01-10 07:04:48,0,positif,en,good job on upwork,good job on upwork,"['good', 'job', 'on', 'upwork']","['good', 'job', 'upwork']","['good', 'job', 'upwork']",good job upwork
Habib Baihaqie 12,"Very bad, we pay for work?",1,2026-01-10 04:33:23,1,negatif,en,"very bad, we pay for work?",very bad we pay for work,"['very', 'bad', 'we', 'pay', 'for', 'work']","['bad', 'pay', 'work']","['bad', 'pay', 'work']",bad pay work
Nisa Sri Cahyanti,kenapa harus beli connect dulu 🥲,3,2026-01-08 06:01:37,0,netral,id,kenapa harus beli connect dulu 🥲,kenapa harus beli connect dulu,"['kenapa', 'harus', 'beli', 'connect', 'dulu']","['beli', 'connect']","['beli', 'connect']",beli connect
Irvan Rusdiansyah,Lebih baik memakai iklan daripada harus membayar connect. Karena connect belum tentu mendapatkan pekerjaan yang di apply,1,2026-01-07 23:51:09,1,negatif,id,lebih baik memakai iklan daripada harus membayar connect. karena connect belum tentu mendapatkan pekerjaan yang di apply,lebih baik memakai iklan daripada harus membayar connect karena connect belum tentu mendapatkan pekerjaan yang di apply,"['lebih', 'baik', 'memakai', 'iklan', 'daripada', 'harus', 'membayar', 'connect', 'karena', 'connect', 'belum', 'tentu', 'mendapatkan', 'pekerjaan', 'yang', 'di', 'apply']","['memakai', 'iklan', 'membayar', 'connect', 'connect', 'pekerjaan', 'apply']","['pakai', 'iklan', 'bayar', 'connect', 'connect', 'kerja', 'apply']",pakai iklan bayar connect connect kerja apply
Siti Hopsah,mau verifikasi identitas saja dipersulit,1,2026-01-06 17:39:12,0,negatif,id,mau verifikasi identitas saja dipersulit,mau verifikasi identitas saja dipersulit,"['mau', 'verifikasi', 'identitas', 'saja', 'dipersulit']","['verifikasi', 'identitas', 'dipersulit']","['verifikasi', 'identitas', 'sulit']",verifikasi identitas sulit
Anggraini Shinta,"My account appears to be suspended, but I did not receive any email explaining the reason or next steps. I would like to request clarification and understand whether any action is required from my side.",1,2025-12-29 23:04:04,0,negatif,en,"my account appears to be suspended, but i did not receive any email explaining the reason or next steps. i would like to request clarification and understand whether any action is required from my side.",my account appears to be suspended but i did not receive any email explaining the reason or next steps i would like to request clarification and understand whether any action is required from my side,"['my', 'account', 'appears', 'to', 'be', 'suspended', 'but', 'i', 'did', 'not', 'receive', 'any', 'email', 'explaining', 'the', 'reason', 'or', 'next', 'steps', 'i', 'would', 'like', 'to', 'request', 'clarification', 'and', 'understand', 'whether', 'any', 'action', 'is', 'required', 'from', 'my', 'side']","['account', 'appears', 'suspended', 'receive', 'email', 'explaining', 'reason', 'next', 'steps', 'would', 'like', 'request', 'clarification', 'understand', 'whether', 'action', 'required', 'side']","['account', 'appear', 'suspend', 'receiv', 'email', 'explain', 'reason', 'next', 'step', 'would', 'like', 'request', 'clarif', 'understand', 'whether', 'action', 'requir', 'side']",account appear suspend receiv email explain reason next step would like request clarif understand whether action requir side
ali muhtadi,sangat membantu,5,2025-12-27 19:58:19,0,positif,id,sangat membantu,sangat membantu,"['sangat', 'membantu']",['membantu'],['bantu'],bantu
devia chantika,"stuck di pembuatan profile, upload foto gabisa terus. udah dari bulan bulan kemarin nyoba mesti error",1,2025-12-24 22:44:01,56,negatif,id,"stuck di pembuatan profile, upload foto gabisa terus. udah dari bulan bulan kemarin nyoba mesti error",stuck di pembuatan profile upload foto gabisa terus udah dari bulan bulan kemarin nyoba mesti error,"['stuck', 'di', 'pembuatan', 'profile', 'upload', 'foto', 'gabisa', 'terus', 'udah', 'dari', 'bulan', 'bulan', 'kemarin', 'nyoba', 'mesti', 'error']","['stuck', 'pembuatan', 'profile', 'upload', 'foto', 'gabisa', 'udah', 'kemarin', 'nyoba', 'mesti', 'error']","['stuck', 'buat', 'profile', 'upload', 'foto', 'gabisa', 'udah', 'kemarin', 'nyoba', 'mesti', 'error']",stuck buat profile upload foto gabisa udah kemarin nyoba mesti error
IkaSyntha Crypto,banyak kerjaan yang pelamar banyak tapi yang di buka dikit bahkan ada yang pelamar 300+ tetapi satupun tidak ada yang dibuka. Harus beli Connect supaya bisa melamar.,3,2025-12-22 07:48:05,12,netral,id,banyak kerjaan yang pelamar banyak tapi yang di buka dikit bahkan ada yang pelamar 300+ tetapi satupun tidak ada yang dibuka. harus beli connect supaya bisa melamar.,banyak kerjaan yang pelamar banyak tapi yang di buka dikit bahkan ada yang pelamar  tetapi satupun tidak ada yang dibuka harus beli connect supaya bisa melamar,"['banyak', 'kerjaan', 'yang', 'pelamar', 'banyak', 'tapi', 'yang', 'di', 'buka', 'dikit', 'bahkan', 'ada', 'yang', 'pelamar', 'tetapi', 'satupun', 'tidak', 'ada', 'yang', 'dibuka', 'harus', 'beli', 'connect', 'supaya', 'bisa', 'melamar']","['kerjaan', 'pelamar', 'buka', 'dikit', 'pelamar', 'satupun', 'dibuka', 'beli', 'connect', 'melamar']","['kerja', 'lamar', 'buka', 'dikit', 'lamar', 'satu', 'buka', 'beli', 'connect', 'lamar']",kerja lamar buka dikit lamar satu buka beli connect lamar
Helbi PP,"akun saya tidak bisa membeli connect, tombol buy hilang mulu meskipun sudah refresh tolong perbaiki saya mau mulai bekerja saya minta tolong secepatnya, terimakasih",2,2025-12-21 00:00:03,15,negatif,id,"akun saya tidak bisa membeli connect, tombol buy hilang mulu meskipun sudah refresh tolong perbaiki saya mau mulai bekerja saya minta tolong secepatnya, terimakasih",akun saya tidak bisa membeli connect tombol buy hilang mulu meskipun sudah refresh tolong perbaiki saya mau mulai bekerja saya minta tolong secepatnya terimakasih,"['akun', 'saya', 'tidak', 'bisa', 'membeli', 'connect', 'tombol', 'buy', 'hilang', 'mulu', 'meskipun', 'sudah', 'refresh', 'tolong', 'perbaiki', 'saya', 'mau', 'mulai', 'bekerja', 'saya', 'minta', 'tolong', 'secepatnya', 'terimakasih']","['akun', 'membeli', 'connect', 'tombol', 'buy', 'hilang', 'mulu', 'refresh', 'tolong', 'perbaiki', 'tolong', 'secepatnya', 'terimakasih']","['akun', 'beli', 'connect', 'tombol', 'buy', 'hilang', 'mulu', 'refresh', 'tolong', 'baik', 'tolong', 'cepat', 'terimakasih']",akun beli connect tombol buy hilang mulu refresh tolong baik tolong cepat terimakasih
Bang Legend,great at fooling everyone,1,2025-12-10 22:07:52,0,negatif,en,great at fooling everyone,great at fooling everyone,"['great', 'at', 'fooling', 'everyone']","['great', 'fooling', 'everyone']","['great', 'fool', 'everyon']",great fool everyon
ngobrolin produk,a lot of conpetition,3,2025-12-01 09:04:02,0,netral,en,a lot of conpetition,a lot of conpetition,"['a', 'lot', 'of', 'conpetition']","['lot', 'conpetition']","['lot', 'conpetit']",lot conpetit
fatuy berulah,Not recommended. Too many scammers & it costs a lot of money if you're unlucky enough to get hired.,1,2025-11-24 22:50:59,0,negatif,en,not recommended. too many scammers & it costs a lot of money if you're unlucky enough to get hired.,not recommended too many scammers  it costs a lot of money if youre unlucky enough to get hired,"['not', 'recommended', 'too', 'many', 'scammers', 'it', 'costs', 'a', 'lot', 'of', 'money', 'if', 'youre', 'unlucky', 'enough', 'to', 'get', 'hired']","['recommended', 'many', 'scammers', 'costs', 'lot', 'money', 'youre', 'unlucky', 'enough', 'get', 'hired']","['recommend', 'mani', 'scammer', 'cost', 'lot', 'money', 'your', 'unlucki', 'enough', 'get', 'hire']",recommend mani scammer cost lot money your unlucki enough get hire
Chantel Cooley,"plis, udah 6 jam desain logo ternyata harus bayar dulu biar list lamaran.",1,2025-11-23 13:40:44,4,negatif,id,"plis, udah 6 jam desain logo ternyata harus bayar dulu biar list lamaran.",plis udah  jam desain logo ternyata harus bayar dulu biar list lamaran,"['plis', 'udah', 'jam', 'desain', 'logo', 'ternyata', 'harus', 'bayar', 'dulu', 'biar', 'list', 'lamaran']","['plis', 'udah', 'jam', 'desain', 'logo', 'bayar', 'biar', 'list', 'lamaran']","['plis', 'udah', 'jam', 'desain', 'logo', 'bayar', 'biar', 'list', 'lamar']",plis udah jam desain logo bayar biar list lamar
Risa Afriani,aplikasi nya bagus bnget loh buruan cobain jngn sampai ketinggalan,5,2025-11-12 06:41:39,10,positif,id,aplikasi nya bagus bnget loh buruan cobain jngn sampai ketinggalan,aplikasi nya bagus bnget loh buruan cobain jngn sampai ketinggalan,"['aplikasi', 'nya', 'bagus', 'bnget', 'loh', 'buruan', 'cobain', 'jngn', 'sampai', 'ketinggalan']","['aplikasi', 'nya', 'bagus', 'bnget', 'loh', 'buruan', 'cobain', 'jngn', 'ketinggalan']","['aplikasi', 'nya', 'bagus', 'bnget', 'loh', 'buru', 'cobain', 'jngn', 'tinggal']",aplikasi nya bagus bnget loh buru cobain jngn tinggal
-Ravi Gravian -,verification continues to fail even though it meets the requirements,1,2025-11-09 16:21:48,0,negatif,en,verification continues to fail even though it meets the requirements,verification continues to fail even though it meets the requirements,"['verification', 'continues', 'to', 'fail', 'even', 'though', 'it', 'meets', 'the', 'requirements']","['verification', 'continues', 'fail', 'even', 'though', 'meets', 'requirements']","['verif', 'continu', 'fail', 'even', 'though', 'meet', 'requir']",verif continu fail even though meet requir
Erlangga Abimanyu,"memuaskan bngttt buat yg cuma dirumah tidur ajaa, app ini cocok buat kalian kerjaa dirumah",5,2025-10-30 04:56:55,43,positif,id,"memuaskan bngttt buat yg cuma dirumah tidur ajaa, app ini cocok buat kalian kerjaa dirumah",memuaskan bngttt buat yg cuma dirumah tidur ajaa app ini cocok buat kalian kerjaa dirumah,"['memuaskan', 'bngttt', 'buat', 'yg', 'cuma', 'dirumah', 'tidur', 'ajaa', 'app', 'ini', 'cocok', 'buat', 'kalian', 'kerjaa', 'dirumah']","['memuaskan', 'bngttt', 'yg', 'dirumah', 'tidur', 'ajaa', 'app', 'cocok', 'kerjaa', 'dirumah']","['muas', 'bngttt', 'yg', 'rumah', 'tidur', 'ajaa', 'app', 'cocok', 'kerjaa', 'rumah']",muas bngttt yg rumah tidur ajaa app cocok kerjaa rumah
Adliyyah Adliyyah nur alnissah,Aplikasinya memiliki nominasi yg berguna,5,2025-10-20 10:02:51,0,positif,id,aplikasinya memiliki nominasi yg berguna,aplikasinya memiliki nominasi yg berguna,"['aplikasinya', 'memiliki', 'nominasi', 'yg', 'berguna']","['aplikasinya', 'memiliki', 'nominasi', 'yg', 'berguna']","['aplikasi', 'milik', 'nominasi', 'yg', 'guna']",aplikasi milik nominasi yg guna
Anastasia Devi,"nyerah saya sama aplikasi satu ini, uda punya lama, trus tiba2 akun di hold suruh verifikasi id, uda pake semua id foto dengan sesuai petunjuk tp ttp failed terus, dari bulan apa sampe skrng masih di hold aja. capek!!",1,2025-10-11 06:10:09,108,negatif,id,"nyerah saya sama aplikasi satu ini, uda punya lama, trus tiba2 akun di hold suruh verifikasi id, uda pake semua id foto dengan sesuai petunjuk tp ttp failed terus, dari bulan apa sampe skrng masih di hold aja. capek!!",nyerah saya sama aplikasi satu ini uda punya lama trus tiba akun di hold suruh verifikasi id uda pake semua id foto dengan sesuai petunjuk tp ttp failed terus dari bulan apa sampe skrng masih di hold aja capek,"['nyerah', 'saya', 'sama', 'aplikasi', 'satu', 'ini', 'uda', 'punya', 'lama', 'trus', 'tiba', 'akun', 'di', 'hold', 'suruh', 'verifikasi', 'id', 'uda', 'pake', 'semua', 'id', 'foto', 'dengan', 'sesuai', 'petunjuk', 'tp', 'ttp', 'failed', 'terus', 'dari', 'bulan', 'apa', 'sampe', 'skrng', 'masih', 'di', 'hold', 'aja', 'capek']","['nyerah', 'aplikasi', 'uda', 'trus', 'akun', 'hold', 'suruh', 'verifikasi', 'id', 'uda', 'pake', 'id', 'foto', 'sesuai', 'petunjuk', 'tp', 'ttp', 'failed', 'sampe', 'skrng', 'hold', 'aja', 'capek']","['nyerah', 'aplikasi', 'uda', 'trus', 'akun', 'hold', 'suruh', 'verifikasi', 'id', 'uda', 'pake', 'id', 'foto', 'sesuai', 'tunjuk', 'tp', 'ttp', 'failed', 'sampe', 'skrng', 'hold', 'aja', 'capek']",nyerah aplikasi uda trus akun hold suruh verifikasi id uda pake id foto sesuai tunjuk tp ttp failed sampe skrng hold aja capek
Irene Kharisma,"freelance adalah cari kerja bukan donatur ,meski membayar apa dijamin dapat job atau contract nya, be smart guys , normalnya kalo freelance dapet job kan bisa dipotong dari penghasilan ibaratnya pajak atau fee lah.",1,2025-10-04 04:23:54,1,negatif,id,"freelance adalah cari kerja bukan donatur ,meski membayar apa dijamin dapat job atau contract nya, be smart guys , normalnya kalo freelance dapet job kan bisa dipotong dari penghasilan ibaratnya pajak atau fee lah.",freelance adalah cari kerja bukan donatur meski membayar apa dijamin dapat job atau contract nya be smart guys  normalnya kalo freelance dapet job kan bisa dipotong dari penghasilan ibaratnya pajak atau fee lah,"['freelance', 'adalah', 'cari', 'kerja', 'bukan', 'donatur', 'meski', 'membayar', 'apa', 'dijamin', 'dapat', 'job', 'atau', 'contract', 'nya', 'be', 'smart', 'guys', 'normalnya', 'kalo', 'freelance', 'dapet', 'job', 'kan', 'bisa', 'dipotong', 'dari', 'penghasilan', 'ibaratnya', 'pajak', 'atau', 'fee', 'lah']","['freelance', 'cari', 'kerja', 'donatur', 'membayar', 'dijamin', 'job', 'contract', 'nya', 'be', 'smart', 'guys', 'normalnya', 'kalo', 'freelance', 'dapet', 'job', 'dipotong', 'penghasilan', 'pajak', 'fee']","['freelance', 'cari', 'kerja', 'donatur', 'bayar', 'jamin', 'job', 'contract', 'nya', 'be', 'smart', 'guys', 'normal', 'kalo', 'freelance', 'dapet', 'job', 'potong', 'hasil', 'pajak', 'fee']",freelance cari kerja donatur bayar jamin job contract nya be smart guys normal kalo freelance dapet job potong hasil pajak fee
lia lia,punya aku kok ga bisa login ya,1,2025-09-20 15:33:01,1,negatif,id,punya aku kok ga bisa login ya,punya aku kok ga bisa login ya,"['punya', 'aku', 'kok', 'ga', 'bisa', 'login', 'ya']","['ga', 'login', 'ya']","['ga', 'login', 'ya']",ga login ya
Adam Ralassyam,bayar dulu baru dapet kerja,1,2025-09-19 11:59:09,0,negatif,id,bayar dulu baru dapet kerja,bayar dulu baru dapet kerja,"['bayar', 'dulu', 'baru', 'dapet', 'kerja']","['bayar', 'dapet', 'kerja']","['bayar', 'dapet', 'kerja']",bayar dapet kerja
Mustain,good apps,5,2025-09-14 06:01:56,0,positif,en,good apps,good apps,"['good', 'apps']","['good', 'apps']","['good', 'app']",good app
Pengangguran Elite,"connect mahal sekali,bagi freelancer yang aka memulai itu sangat memberatkan,tolong dikaji lagi",3,2025-09-12 07:32:56,47,netral,id,"connect mahal sekali,bagi freelancer yang aka memulai itu sangat memberatkan,tolong dikaji lagi",connect mahal sekalibagi freelancer yang aka memulai itu sangat memberatkantolong dikaji lagi,"['connect', 'mahal', 'sekalibagi', 'freelancer', 'yang', 'aka', 'memulai', 'itu', 'sangat', 'memberatkantolong', 'dikaji', 'lagi']","['connect', 'mahal', 'sekalibagi', 'freelancer', 'aka', 'memberatkantolong', 'dikaji']","['connect', 'mahal', 'sekalibagi', 'freelancer', 'aka', 'memberatkantolong', 'kaji']",connect mahal sekalibagi freelancer aka memberatkantolong kaji
Anaya azzhara,sangat memuaskan,5,2025-09-07 06:30:04,1,positif,id,sangat memuaskan,sangat memuaskan,"['sangat', 'memuaskan']",['memuaskan'],['muas'],muas
alya wikarta,"masih newbie, belum pecah telur disini tapi aku kasih bintang 5 aja siapa tau abis ini pecah telur",5,2025-09-03 04:45:37,0,positif,id,"masih newbie, belum pecah telur disini tapi aku kasih bintang 5 aja siapa tau abis ini pecah telur",masih newbie belum pecah telur disini tapi aku kasih bintang  aja siapa tau abis ini pecah telur,"['masih', 'newbie', 'belum', 'pecah', 'telur', 'disini', 'tapi', 'aku', 'kasih', 'bintang', 'aja', 'siapa', 'tau', 'abis', 'ini', 'pecah', 'telur']","['newbie', 'pecah', 'telur', 'kasih', 'bintang', 'aja', 'tau', 'abis', 'pecah', 'telur']","['newbie', 'pecah', 'telur', 'kasih', 'bintang', 'aja', 'tau', 'abis', 'pecah', 'telur']",newbie pecah telur kasih bintang aja tau abis pecah telur
Aji Sadewa,"it's too hard to get a project, we have to pay upfront but there's no guarantee",3,2025-08-26 13:10:16,0,netral,en,"it's too hard to get a project, we have to pay upfront but there's no guarantee",its too hard to get a project we have to pay upfront but theres no guarantee,"['its', 'too', 'hard', 'to', 'get', 'a', 'project', 'we', 'have', 'to', 'pay', 'upfront', 'but', 'theres', 'no', 'guarantee']","['hard', 'get', 'project', 'pay', 'upfront', 'theres', 'guarantee']","['hard', 'get', 'project', 'pay', 'upfront', 'there', 'guarante']",hard get project pay upfront there guarante
Anananna Apalana,Suddenly my account was banned even though I didn't do anything wrong.,1,2025-08-22 23:23:57,0,negatif,en,suddenly my account was banned even though i didn't do anything wrong.,suddenly my account was banned even though i didnt do anything wrong,"['suddenly', 'my', 'account', 'was', 'banned', 'even', 'though', 'i', 'didnt', 'do', 'anything', 'wrong']","['suddenly', 'account', 'banned', 'even', 'though', 'didnt', 'anything', 'wrong']","['suddenli', 'account', 'ban', 'even', 'though', 'didnt', 'anyth', 'wrong']",suddenli account ban even though didnt anyth wrong
Rahma Pratiwi,its easy to use,5,2025-08-21 12:20:52,0,positif,en,its easy to use,its easy to use,"['its', 'easy', 'to', 'use']","['easy', 'use']","['easi', 'use']",easi use
Tedy Rendra,Animation when open the app waste my time,1,2025-08-11 08:05:19,1,negatif,en,animation when open the app waste my time,animation when open the app waste my time,"['animation', 'when', 'open', 'the', 'app', 'waste', 'my', 'time']","['animation', 'open', 'app', 'waste', 'time']","['anim', 'open', 'app', 'wast', 'time']",anim open app wast time
Bobby Wildan Firdaus,"lucu sekarang mau cari kerjaan malah bayar duluan, itupun gak tentu dapat kerjaan nya. udah kayak pemerintah Konoha aja ini aplikasi",1,2025-08-08 11:13:38,67,negatif,id,"lucu sekarang mau cari kerjaan malah bayar duluan, itupun gak tentu dapat kerjaan nya. udah kayak pemerintah konoha aja ini aplikasi",lucu sekarang mau cari kerjaan malah bayar duluan itupun gak tentu dapat kerjaan nya udah kayak pemerintah konoha aja ini aplikasi,"['lucu', 'sekarang', 'mau', 'cari', 'kerjaan', 'malah', 'bayar', 'duluan', 'itupun', 'gak', 'tentu', 'dapat', 'kerjaan', 'nya', 'udah', 'kayak', 'pemerintah', 'konoha', 'aja', 'ini', 'aplikasi']","['lucu', 'cari', 'kerjaan', 'bayar', 'duluan', 'itupun', 'gak', 'kerjaan', 'nya', 'udah', 'kayak', 'pemerintah', 'konoha', 'aja', 'aplikasi']","['lucu', 'cari', 'kerja', 'bayar', 'duluan', 'itu', 'gak', 'kerja', 'nya', 'udah', 'kayak', 'perintah', 'konoha', 'aja', 'aplikasi']",lucu cari kerja bayar duluan itu gak kerja nya udah kayak perintah konoha aja aplikasi
Alfan Masyhuri,pekerjaan harus bayar,1,2025-08-02 21:58:12,0,negatif,id,pekerjaan harus bayar,pekerjaan harus bayar,"['pekerjaan', 'harus', 'bayar']","['pekerjaan', 'bayar']","['kerja', 'bayar']",kerja bayar
Bayu Andika,nyari uang malah suruh bayar,1,2025-07-22 12:40:26,0,negatif,id,nyari uang malah suruh bayar,nyari uang malah suruh bayar,"['nyari', 'uang', 'malah', 'suruh', 'bayar']","['nyari', 'uang', 'suruh', 'bayar']","['nyari', 'uang', 'suruh', 'bayar']",nyari uang suruh bayar
fardannn Nur akbar,bikin akun doang susah,1,2025-07-21 09:01:14,0,negatif,id,bikin akun doang susah,bikin akun doang susah,"['bikin', 'akun', 'doang', 'susah']","['bikin', 'akun', 'doang', 'susah']","['bikin', 'akun', 'doang', 'susah']",bikin akun doang susah
Bosi Manurung,Awesome apps,5,2025-07-20 11:17:49,0,positif,en,awesome apps,awesome apps,"['awesome', 'apps']","['awesome', 'apps']","['awesom', 'app']",awesom app
Nisrinana28,gk bisa upload profil gagal terus gimana si aplikasinya jelek bgt,3,2025-07-13 13:06:51,4,netral,id,gk bisa upload profil gagal terus gimana si aplikasinya jelek bgt,gk bisa upload profil gagal terus gimana si aplikasinya jelek bgt,"['gk', 'bisa', 'upload', 'profil', 'gagal', 'terus', 'gimana', 'si', 'aplikasinya', 'jelek', 'bgt']","['gk', 'upload', 'profil', 'gagal', 'gimana', 'si', 'aplikasinya', 'jelek', 'bgt']","['gk', 'upload', 'profil', 'gagal', 'gimana', 'si', 'aplikasi', 'jelek', 'bgt']",gk upload profil gagal gimana si aplikasi jelek bgt
dhervin,makin kesini connect gratis semakin dikit.,1,2025-07-13 03:40:27,0,negatif,id,makin kesini connect gratis semakin dikit.,makin kesini connect gratis semakin dikit,"['makin', 'kesini', 'connect', 'gratis', 'semakin', 'dikit']","['kesini', 'connect', 'gratis', 'dikit']","['kesini', 'connect', 'gratis', 'dikit']",kesini connect gratis dikit
Isa Anshori,Sumber income baru... Bismillah,5,2025-07-08 16:04:27,0,positif,id,sumber income baru... bismillah,sumber income baru bismillah,"['sumber', 'income', 'baru', 'bismillah']","['sumber', 'income', 'bismillah']","['sumber', 'income', 'bismillah']",sumber income bismillah
Ikhsanuddin Fahmi,"Unfriendly application for freelancers, if the job has expired the conncets you have to bid on the offer are not returned.",1,2025-07-08 16:02:44,0,negatif,en,"unfriendly application for freelancers, if the job has expired the conncets you have to bid on the offer are not returned.",unfriendly application for freelancers if the job has expired the conncets you have to bid on the offer are not returned,"['unfriendly', 'application', 'for', 'freelancers', 'if', 'the', 'job', 'has', 'expired', 'the', 'conncets', 'you', 'have', 'to', 'bid', 'on', 'the', 'offer', 'are', 'not', 'returned']","['unfriendly', 'application', 'freelancers', 'job', 'expired', 'conncets', 'bid', 'offer', 'returned']","['unfriendli', 'applic', 'freelanc', 'job', 'expir', 'conncet', 'bid', 'offer', 'return']",unfriendli applic freelanc job expir conncet bid offer return
Muhammad Kays Reza Fahlefy,Kalau mau connect berbayar,4,2025-07-04 14:39:40,1,positif,id,kalau mau connect berbayar,kalau mau connect berbayar,"['kalau', 'mau', 'connect', 'berbayar']","['connect', 'berbayar']","['connect', 'bayar']",connect bayar
Syeh Firmansyah,"Thank you for the application, because I can increase my income from here",5,2025-07-04 14:31:03,0,positif,en,"thank you for the application, because i can increase my income from here",thank you for the application because i can increase my income from here,"['thank', 'you', 'for', 'the', 'application', 'because', 'i', 'can', 'increase', 'my', 'income', 'from', 'here']","['thank', 'application', 'increase', 'income']","['thank', 'applic', 'increas', 'incom']",thank applic increas incom
Jend Raden,"Apk/web kocak menu kyc syulit bener nyarinya, kyc ggl mau di ulang kaga Nemu"" menu kyc nya tolong di perbaiki untuk menu kyc agar mudah di ketahui",1,2025-07-03 17:18:33,27,negatif,id,"apk/web kocak menu kyc syulit bener nyarinya, kyc ggl mau di ulang kaga nemu"" menu kyc nya tolong di perbaiki untuk menu kyc agar mudah di ketahui",apkweb kocak menu kyc syulit bener nyarinya kyc ggl mau di ulang kaga nemu menu kyc nya tolong di perbaiki untuk menu kyc agar mudah di ketahui,"['apkweb', 'kocak', 'menu', 'kyc', 'syulit', 'bener', 'nyarinya', 'kyc', 'ggl', 'mau', 'di', 'ulang', 'kaga', 'nemu', 'menu', 'kyc', 'nya', 'tolong', 'di', 'perbaiki', 'untuk', 'menu', 'kyc', 'agar', 'mudah', 'di', 'ketahui']","['apkweb', 'kocak', 'menu', 'kyc', 'syulit', 'bener', 'nyarinya', 'kyc', 'ggl', 'ulang', 'kaga', 'nemu', 'menu', 'kyc', 'nya', 'tolong', 'perbaiki', 'menu', 'kyc', 'mudah', 'ketahui']","['apkweb', 'kocak', 'menu', 'kyc', 'syulit', 'bener', 'nyarinya', 'kyc', 'ggl', 'ulang', 'kaga', 'nemu', 'menu', 'kyc', 'nya', 'tolong', 'baik', 'menu', 'kyc', 'mudah', 'tahu']",apkweb kocak menu kyc syulit bener nyarinya kyc ggl ulang kaga nemu menu kyc nya tolong baik menu kyc mudah tahu
Tatum Christian,ini seriusan mau apply jobnya harus bayar???,3,2025-07-03 01:48:56,0,netral,id,ini seriusan mau apply jobnya harus bayar???,ini seriusan mau apply jobnya harus bayar,"['ini', 'seriusan', 'mau', 'apply', 'jobnya', 'harus', 'bayar']","['seriusan', 'apply', 'jobnya', 'bayar']","['serius', 'apply', 'jobnya', 'bayar']",serius apply jobnya bayar
Aulyna Nashri,belum dapet clien. tapi so far bagus aja sih gampang dipelajari. dulu dapet gratis connects buat yg baru join sekarang semua connects berbayar. nanti kalo udah sukses di upwork aku update lagi ratenya,4,2025-06-24 05:24:00,27,positif,id,belum dapet clien. tapi so far bagus aja sih gampang dipelajari. dulu dapet gratis connects buat yg baru join sekarang semua connects berbayar. nanti kalo udah sukses di upwork aku update lagi ratenya,belum dapet clien tapi so far bagus aja sih gampang dipelajari dulu dapet gratis connects buat yg baru join sekarang semua connects berbayar nanti kalo udah sukses di upwork aku update lagi ratenya,"['belum', 'dapet', 'clien', 'tapi', 'so', 'far', 'bagus', 'aja', 'sih', 'gampang', 'dipelajari', 'dulu', 'dapet', 'gratis', 'connects', 'buat', 'yg', 'baru', 'join', 'sekarang', 'semua', 'connects', 'berbayar', 'nanti', 'kalo', 'udah', 'sukses', 'di', 'upwork', 'aku', 'update', 'lagi', 'ratenya']","['dapet', 'clien', 'so', 'far', 'bagus', 'aja', 'sih', 'gampang', 'dipelajari', 'dapet', 'gratis', 'connects', 'yg', 'join', 'connects', 'berbayar', 'kalo', 'udah', 'sukses', 'upwork', 'update', 'ratenya']","['dapet', 'clien', 'so', 'far', 'bagus', 'aja', 'sih', 'gampang', 'ajar', 'dapet', 'gratis', 'connects', 'yg', 'join', 'connects', 'bayar', 'kalo', 'udah', 'sukses', 'upwork', 'update', 'ratenya']",dapet clien so far bagus aja sih gampang ajar dapet gratis connects yg join connects bayar kalo udah sukses upwork update ratenya
Geri Bintang,Good UI secara fungsi sudah memenuhi standar dan jelas cuman ada beberapa aja yang kurang fiturnya yang hanya ada di pc,5,2025-06-23 12:28:09,93,positif,id,good ui secara fungsi sudah memenuhi standar dan jelas cuman ada beberapa aja yang kurang fiturnya yang hanya ada di pc,good ui secara fungsi sudah memenuhi standar dan jelas cuman ada beberapa aja yang kurang fiturnya yang hanya ada di pc,"['good', 'ui', 'secara', 'fungsi', 'sudah', 'memenuhi', 'standar', 'dan', 'jelas', 'cuman', 'ada', 'beberapa', 'aja', 'yang', 'kurang', 'fiturnya', 'yang', 'hanya', 'ada', 'di', 'pc']","['good', 'ui', 'fungsi', 'memenuhi', 'standar', 'cuman', 'aja', 'fiturnya', 'pc']","['good', 'ui', 'fungsi', 'penuh', 'standar', 'cuman', 'aja', 'fiturnya', 'pc']",good ui fungsi penuh standar cuman aja fiturnya pc
Katrina Kaif,i want to be a best business in upwork,5,2025-06-13 11:54:50,0,positif,en,i want to be a best business in upwork,i want to be a best business in upwork,"['i', 'want', 'to', 'be', 'a', 'best', 'business', 'in', 'upwork']","['want', 'best', 'business', 'upwork']","['want', 'best', 'busi', 'upwork']",want best busi upwork
Adianto Aji Kurniawan,Kenapa conect harus bayar? terus kenapa wajib pakai kode promo sedangkan saya nggak ada kode promo nya,4,2025-06-12 18:02:17,6,positif,id,kenapa conect harus bayar? terus kenapa wajib pakai kode promo sedangkan saya nggak ada kode promo nya,kenapa conect harus bayar terus kenapa wajib pakai kode promo sedangkan saya nggak ada kode promo nya,"['kenapa', 'conect', 'harus', 'bayar', 'terus', 'kenapa', 'wajib', 'pakai', 'kode', 'promo', 'sedangkan', 'saya', 'nggak', 'ada', 'kode', 'promo', 'nya']","['conect', 'bayar', 'wajib', 'pakai', 'kode', 'promo', 'nggak', 'kode', 'promo', 'nya']","['conect', 'bayar', 'wajib', 'pakai', 'kode', 'promo', 'nggak', 'kode', 'promo', 'nya']",conect bayar wajib pakai kode promo nggak kode promo nya
Brii ii,I don't know why i can't buy connect. the button disappear whenever i clicked it and nothing happened. Is it an error or what?,3,2025-06-10 04:22:04,0,netral,en,i don't know why i can't buy connect. the button disappear whenever i clicked it and nothing happened. is it an error or what?,i dont know why i cant buy connect the button disappear whenever i clicked it and nothing happened is it an error or what,"['i', 'dont', 'know', 'why', 'i', 'cant', 'buy', 'connect', 'the', 'button', 'disappear', 'whenever', 'i', 'clicked', 'it', 'and', 'nothing', 'happened', 'is', 'it', 'an', 'error', 'or', 'what']","['dont', 'know', 'cant', 'buy', 'connect', 'button', 'disappear', 'whenever', 'clicked', 'nothing', 'happened', 'error']","['dont', 'know', 'cant', 'buy', 'connect', 'button', 'disappear', 'whenev', 'click', 'noth', 'happen', 'error']",dont know cant buy connect button disappear whenev click noth happen error
Salsabila Farid,it is hard to get job. connects become pricey. and scammer everywhere.,1,2025-06-07 10:41:42,0,negatif,en,it is hard to get job. connects become pricey. and scammer everywhere.,it is hard to get job connects become pricey and scammer everywhere,"['it', 'is', 'hard', 'to', 'get', 'job', 'connects', 'become', 'pricey', 'and', 'scammer', 'everywhere']","['hard', 'get', 'job', 'connects', 'become', 'pricey', 'scammer', 'everywhere']","['hard', 'get', 'job', 'connect', 'becom', 'pricey', 'scammer', 'everywher']",hard get job connect becom pricey scammer everywher
TATA NURJAMAN,semoga berhasil baru mencoba,5,2025-06-05 19:32:53,0,positif,id,semoga berhasil baru mencoba,semoga berhasil baru mencoba,"['semoga', 'berhasil', 'baru', 'mencoba']","['semoga', 'berhasil', 'mencoba']","['moga', 'hasil', 'coba']",moga hasil coba
Timotius Ase,aplikasi Upwork solusi cari kerja saat ini. seseorang bisa kerja di rumah saja dan dari daerah mana pun.,4,2025-06-03 00:01:54,1,positif,id,aplikasi upwork solusi cari kerja saat ini. seseorang bisa kerja di rumah saja dan dari daerah mana pun.,aplikasi upwork solusi cari kerja saat ini seseorang bisa kerja di rumah saja dan dari daerah mana pun,"['aplikasi', 'upwork', 'solusi', 'cari', 'kerja', 'saat', 'ini', 'seseorang', 'bisa', 'kerja', 'di', 'rumah', 'saja', 'dan', 'dari', 'daerah', 'mana', 'pun']","['aplikasi', 'upwork', 'solusi', 'cari', 'kerja', 'kerja', 'rumah', 'daerah']","['aplikasi', 'upwork', 'solusi', 'cari', 'kerja', 'kerja', 'rumah', 'daerah']",aplikasi upwork solusi cari kerja kerja rumah daerah
Dewi Khoirunnisah,"mau masukin email aja susah bgt ,payah",1,2025-06-01 10:28:40,0,negatif,id,"mau masukin email aja susah bgt ,payah",mau masukin email aja susah bgt payah,"['mau', 'masukin', 'email', 'aja', 'susah', 'bgt', 'payah']","['masukin', 'email', 'aja', 'susah', 'bgt', 'payah']","['masukin', 'email', 'aja', 'susah', 'bgt', 'payah']",masukin email aja susah bgt payah
Anna R,"thanks, good app",5,2025-06-01 08:59:32,0,positif,en,"thanks, good app",thanks good app,"['thanks', 'good', 'app']","['thanks', 'good', 'app']","['thank', 'good', 'app']",thank good app
Elvan Dewangga,"i bought more connects just for playing job application. if you want waste your money, you can download this platform",1,2025-05-31 12:12:14,0,negatif,en,"i bought more connects just for playing job application. if you want waste your money, you can download this platform",i bought more connects just for playing job application if you want waste your money you can download this platform,"['i', 'bought', 'more', 'connects', 'just', 'for', 'playing', 'job', 'application', 'if', 'you', 'want', 'waste', 'your', 'money', 'you', 'can', 'download', 'this', 'platform']","['bought', 'connects', 'playing', 'job', 'application', 'want', 'waste', 'money', 'download', 'platform']","['bought', 'connect', 'play', 'job', 'applic', 'want', 'wast', 'money', 'download', 'platform']",bought connect play job applic want wast money download platform
ivan yafi,Buat akun tidak bisa muncul peringatan verification failed terus,1,2025-05-30 13:31:49,23,negatif,id,buat akun tidak bisa muncul peringatan verification failed terus,buat akun tidak bisa muncul peringatan verification failed terus,"['buat', 'akun', 'tidak', 'bisa', 'muncul', 'peringatan', 'verification', 'failed', 'terus']","['akun', 'muncul', 'peringatan', 'verification', 'failed']","['akun', 'muncul', 'ingat', 'verification', 'failed']",akun muncul ingat verification failed
Endang Lestari,over all good. i can easily apply proposal for job. this my first try,5,2025-05-29 08:08:46,0,positif,en,over all good. i can easily apply proposal for job. this my first try,over all good i can easily apply proposal for job this my first try,"['over', 'all', 'good', 'i', 'can', 'easily', 'apply', 'proposal', 'for', 'job', 'this', 'my', 'first', 'try']","['good', 'easily', 'apply', 'proposal', 'job', 'first', 'try']","['good', 'easili', 'appli', 'propos', 'job', 'first', 'tri']",good easili appli propos job first tri
Denny Parengkoan,gak ngerti belas maksudnya Dan terlalu ribet😥,1,2025-05-27 01:11:54,0,negatif,id,gak ngerti belas maksudnya dan terlalu ribet😥,gak ngerti belas maksudnya dan terlalu ribet,"['gak', 'ngerti', 'belas', 'maksudnya', 'dan', 'terlalu', 'ribet']","['gak', 'ngerti', 'belas', 'maksudnya', 'ribet']","['gak', 'ngerti', 'belas', 'maksud', 'ribet']",gak ngerti belas maksud ribet
Mas Sam,WHY I CAN'T MAKE A NEW SIGN UP ?? IT KEEP SAID ERROR.,2,2025-05-26 11:32:51,0,negatif,en,why i can't make a new sign up ?? it keep said error.,why i cant make a new sign up  it keep said error,"['why', 'i', 'cant', 'make', 'a', 'new', 'sign', 'up', 'it', 'keep', 'said', 'error']","['cant', 'make', 'new', 'sign', 'keep', 'said', 'error']","['cant', 'make', 'new', 'sign', 'keep', 'said', 'error']",cant make new sign keep said error
Dewi Pri,baru mau buat account malah gak bisa. payah.,1,2025-05-25 14:38:40,9,negatif,id,baru mau buat account malah gak bisa. payah.,baru mau buat account malah gak bisa payah,"['baru', 'mau', 'buat', 'account', 'malah', 'gak', 'bisa', 'payah']","['account', 'gak', 'payah']","['account', 'gak', 'payah']",account gak payah
Mohamad Darwis,Upwork for those who advance 👍,5,2025-05-24 12:44:07,0,positif,en,upwork for those who advance 👍,upwork for those who advance,"['upwork', 'for', 'those', 'who', 'advance']","['upwork', 'advance']","['upwork', 'advanc']",upwork advanc
Teguh Andriansyah,Sudah bagus,5,2025-05-23 08:39:29,0,positif,id,sudah bagus,sudah bagus,"['sudah', 'bagus']",['bagus'],['bagus'],bagus
Muhammad Achir,.yaelah gk bisa signup,1,2025-05-23 01:24:56,3,negatif,id,.yaelah gk bisa signup,yaelah gk bisa signup,"['yaelah', 'gk', 'bisa', 'signup']","['yaelah', 'gk', 'signup']","['yaelah', 'gk', 'signup']",yaelah gk signup
Raisa Nurima,wish me luckk,4,2025-05-16 08:33:59,0,positif,en,wish me luckk,wish me luckk,"['wish', 'me', 'luckk']","['wish', 'luckk']","['wish', 'luckk']",wish luckk
Dewa Anand Krishna,"this app is suck, you have to buy connect to apply a job",1,2025-05-13 12:37:06,0,negatif,en,"this app is suck, you have to buy connect to apply a job",this app is suck you have to buy connect to apply a job,"['this', 'app', 'is', 'suck', 'you', 'have', 'to', 'buy', 'connect', 'to', 'apply', 'a', 'job']","['app', 'suck', 'buy', 'connect', 'apply', 'job']","['app', 'suck', 'buy', 'connect', 'appli', 'job']",app suck buy connect appli job
wildan nafii,"aplikasi ini bagus, punya jangkauan global",4,2025-05-04 14:47:20,0,positif,id,"aplikasi ini bagus, punya jangkauan global",aplikasi ini bagus punya jangkauan global,"['aplikasi', 'ini', 'bagus', 'punya', 'jangkauan', 'global']","['aplikasi', 'bagus', 'jangkauan', 'global']","['aplikasi', 'bagus', 'jangkau', 'global']",aplikasi bagus jangkau global
Neta Mevika,"saya bikin akun udah beberapa kali gak bisa bisa, verification failed terus.",1,2025-04-30 10:59:14,15,negatif,id,"saya bikin akun udah beberapa kali gak bisa bisa, verification failed terus.",saya bikin akun udah beberapa kali gak bisa bisa verification failed terus,"['saya', 'bikin', 'akun', 'udah', 'beberapa', 'kali', 'gak', 'bisa', 'bisa', 'verification', 'failed', 'terus']","['bikin', 'akun', 'udah', 'kali', 'gak', 'verification', 'failed']","['bikin', 'akun', 'udah', 'kali', 'gak', 'verification', 'failed']",bikin akun udah kali gak verification failed
Ahmad Zamroni,don't like to buy connect before apply,1,2025-04-26 08:44:07,0,negatif,en,don't like to buy connect before apply,dont like to buy connect before apply,"['dont', 'like', 'to', 'buy', 'connect', 'before', 'apply']","['dont', 'like', 'buy', 'connect', 'apply']","['dont', 'like', 'buy', 'connect', 'appli']",dont like buy connect appli
Dina Indah septiana,banyak scham,4,2025-04-24 02:57:55,0,positif,id,banyak scham,banyak scham,"['banyak', 'scham']",['scham'],['scham'],scham
Eni Handayani,ready for start my experirnce here,5,2025-04-15 18:21:55,0,positif,en,ready for start my experirnce here,ready for start my experirnce here,"['ready', 'for', 'start', 'my', 'experirnce', 'here']","['ready', 'start', 'experirnce']","['readi', 'start', 'experirnc']",readi start experirnc
Athalla Ferdi,"Saat ini sulit untuk login, bahkan lewat google akun pun susah. Saya tambah bintangnua kalau sudah diperbaiki.",1,2025-04-15 16:20:57,36,negatif,id,"saat ini sulit untuk login, bahkan lewat google akun pun susah. saya tambah bintangnua kalau sudah diperbaiki.",saat ini sulit untuk login bahkan lewat google akun pun susah saya tambah bintangnua kalau sudah diperbaiki,"['saat', 'ini', 'sulit', 'untuk', 'login', 'bahkan', 'lewat', 'google', 'akun', 'pun', 'susah', 'saya', 'tambah', 'bintangnua', 'kalau', 'sudah', 'diperbaiki']","['sulit', 'login', 'google', 'akun', 'susah', 'bintangnua', 'diperbaiki']","['sulit', 'login', 'google', 'akun', 'susah', 'bintangnua', 'baik']",sulit login google akun susah bintangnua baik
Ramli Firdaus,sangat membantu,5,2025-04-05 18:16:49,0,positif,id,sangat membantu,sangat membantu,"['sangat', 'membantu']",['membantu'],['bantu'],bantu
05 Arwian Rafif Ahnaf,"ini kenapa kok tiba"" jadi gak bisa login ke akun saya",3,2025-03-28 02:31:04,0,netral,id,"ini kenapa kok tiba"" jadi gak bisa login ke akun saya",ini kenapa kok tiba jadi gak bisa login ke akun saya,"['ini', 'kenapa', 'kok', 'tiba', 'jadi', 'gak', 'bisa', 'login', 'ke', 'akun', 'saya']","['gak', 'login', 'akun']","['gak', 'login', 'akun']",gak login akun
Winda Yuri,good app,5,2025-03-28 01:26:15,0,positif,en,good app,good app,"['good', 'app']","['good', 'app']","['good', 'app']",good app
Dedy java,Senang sekali,5,2025-03-08 10:24:15,0,positif,id,senang sekali,senang sekali,"['senang', 'sekali']",['senang'],['senang'],senang
Galih Mohammad,"Nice, bagus, ketat untuk pengawasan komunikasi dengan client. Sangat menolong buat saya yang pemula agar tidak sembarangan share contact sebelum melakukan kontrak. Sayang masih ada oknum2 akun baru, tpi share2 kontak telegram yang ujung2nya Ngajak project diluar upwork. Sebaiknya cepat ditangani sih soal itu",4,2025-03-07 16:59:33,83,positif,id,"nice, bagus, ketat untuk pengawasan komunikasi dengan client. sangat menolong buat saya yang pemula agar tidak sembarangan share contact sebelum melakukan kontrak. sayang masih ada oknum2 akun baru, tpi share2 kontak telegram yang ujung2nya ngajak project diluar upwork. sebaiknya cepat ditangani sih soal itu",nice bagus ketat untuk pengawasan komunikasi dengan client sangat menolong buat saya yang pemula agar tidak sembarangan share contact sebelum melakukan kontrak sayang masih ada oknum akun baru tpi share kontak telegram yang ujungnya ngajak project diluar upwork sebaiknya cepat ditangani sih soal itu,"['nice', 'bagus', 'ketat', 'untuk', 'pengawasan', 'komunikasi', 'dengan', 'client', 'sangat', 'menolong', 'buat', 'saya', 'yang', 'pemula', 'agar', 'tidak', 'sembarangan', 'share', 'contact', 'sebelum', 'melakukan', 'kontrak', 'sayang', 'masih', 'ada', 'oknum', 'akun', 'baru', 'tpi', 'share', 'kontak', 'telegram', 'yang', 'ujungnya', 'ngajak', 'project', 'diluar', 'upwork', 'sebaiknya', 'cepat', 'ditangani', 'sih', 'soal', 'itu']","['nice', 'bagus', 'ketat', 'pengawasan', 'komunikasi', 'client', 'menolong', 'pemula', 'sembarangan', 'share', 'contact', 'kontrak', 'sayang', 'oknum', 'akun', 'tpi', 'share', 'kontak', 'telegram', 'ujungnya', 'ngajak', 'project', 'diluar', 'upwork', 'cepat', 'ditangani', 'sih']","['nice', 'bagus', 'ketat', 'awas', 'komunikasi', 'client', 'tolong', 'mula', 'sembarang', 'share', 'contact', 'kontrak', 'sayang', 'oknum', 'akun', 'tpi', 'share', 'kontak', 'telegram', 'ujung', 'ngajak', 'project', 'luar', 'upwork', 'cepat', 'tangan', 'sih']",nice bagus ketat awas komunikasi client tolong mula sembarang share contact kontrak sayang oknum akun tpi share kontak telegram ujung ngajak project luar upwork cepat tangan sih
Anggoro Wijaya,Mau apply job aja harus bayar,1,2025-03-04 01:10:53,0,negatif,id,mau apply job aja harus bayar,mau apply job aja harus bayar,"['mau', 'apply', 'job', 'aja', 'harus', 'bayar']","['apply', 'job', 'aja', 'bayar']","['apply', 'job', 'aja', 'bayar']",apply job aja bayar
Azis Elfatih,"Saya kesulitan untuk menambahkan pembayaran karna saya lupa jawaban pertanyaan keamanan. Padahal email, password dan phone masih bisa diakses. Dan untuk mereset pertanyaan keamanan lebih ribet sekali dari pada reset password. Tolong permudah reset keamanannya dev...",3,2025-02-26 20:55:52,6,netral,id,"saya kesulitan untuk menambahkan pembayaran karna saya lupa jawaban pertanyaan keamanan. padahal email, password dan phone masih bisa diakses. dan untuk mereset pertanyaan keamanan lebih ribet sekali dari pada reset password. tolong permudah reset keamanannya dev...",saya kesulitan untuk menambahkan pembayaran karna saya lupa jawaban pertanyaan keamanan padahal email password dan phone masih bisa diakses dan untuk mereset pertanyaan keamanan lebih ribet sekali dari pada reset password tolong permudah reset keamanannya dev,"['saya', 'kesulitan', 'untuk', 'menambahkan', 'pembayaran', 'karna', 'saya', 'lupa', 'jawaban', 'pertanyaan', 'keamanan', 'padahal', 'email', 'password', 'dan', 'phone', 'masih', 'bisa', 'diakses', 'dan', 'untuk', 'mereset', 'pertanyaan', 'keamanan', 'lebih', 'ribet', 'sekali', 'dari', 'pada', 'reset', 'password', 'tolong', 'permudah', 'reset', 'keamanannya', 'dev']","['kesulitan', 'pembayaran', 'karna', 'lupa', 'keamanan', 'email', 'password', 'phone', 'diakses', 'mereset', 'keamanan', 'ribet', 'reset', 'password', 'tolong', 'permudah', 'reset', 'keamanannya', 'dev']","['sulit', 'bayar', 'karna', 'lupa', 'aman', 'email', 'password', 'phone', 'akses', 'mereset', 'aman', 'ribet', 'reset', 'password', 'tolong', 'mudah', 'reset', 'aman', 'dev']",sulit bayar karna lupa aman email password phone akses mereset aman ribet reset password tolong mudah reset aman dev
john doe,"Mudah, relatif aman dan profesional",4,2025-02-25 03:44:25,1,positif,id,"mudah, relatif aman dan profesional",mudah relatif aman dan profesional,"['mudah', 'relatif', 'aman', 'dan', 'profesional']","['mudah', 'relatif', 'aman', 'profesional']","['mudah', 'relatif', 'aman', 'profesional']",mudah relatif aman profesional
Aditya Wisnu,platform yang sangat membantu,5,2025-02-22 12:54:07,9,positif,id,platform yang sangat membantu,platform yang sangat membantu,"['platform', 'yang', 'sangat', 'membantu']","['platform', 'membantu']","['platform', 'bantu']",platform bantu
uLIL AuLA SAPuTRa,"Bintang satu dulu, karena klien nya aja banyak yang gak aktif",1,2025-02-08 23:37:46,1,negatif,id,"bintang satu dulu, karena klien nya aja banyak yang gak aktif",bintang satu dulu karena klien nya aja banyak yang gak aktif,"['bintang', 'satu', 'dulu', 'karena', 'klien', 'nya', 'aja', 'banyak', 'yang', 'gak', 'aktif']","['bintang', 'klien', 'nya', 'aja', 'gak', 'aktif']","['bintang', 'klien', 'nya', 'aja', 'gak', 'aktif']",bintang klien nya aja gak aktif
Hanif Yuli Abdillah P,Login using sso not working,1,2025-02-02 06:43:15,0,negatif,en,login using sso not working,login using sso not working,"['login', 'using', 'sso', 'not', 'working']","['login', 'using', 'sso', 'working']","['login', 'use', 'sso', 'work']",login use sso work
Rio Angkasa,Hope i can get my first client,5,2025-01-28 02:55:12,0,positif,en,hope i can get my first client,hope i can get my first client,"['hope', 'i', 'can', 'get', 'my', 'first', 'client']","['hope', 'get', 'first', 'client']","['hope', 'get', 'first', 'client']",hope get first client
mr lukman hakim,"Akun saya masih suspend, Ndak tau harus gimana mengatasinya",4,2025-01-26 11:42:03,0,positif,id,"akun saya masih suspend, ndak tau harus gimana mengatasinya",akun saya masih suspend ndak tau harus gimana mengatasinya,"['akun', 'saya', 'masih', 'suspend', 'ndak', 'tau', 'harus', 'gimana', 'mengatasinya']","['akun', 'suspend', 'ndak', 'tau', 'gimana', 'mengatasinya']","['akun', 'suspend', 'ndak', 'tau', 'gimana', 'atas']",akun suspend ndak tau gimana atas
Deodatus Dikstra,"Aplikasi bagus sih dengan upah berupa uang dollar, buat yang mau coba saya saranin minimal bisa basic dulu dalam berbahasa inggris",5,2025-01-24 15:06:08,106,positif,id,"aplikasi bagus sih dengan upah berupa uang dollar, buat yang mau coba saya saranin minimal bisa basic dulu dalam berbahasa inggris",aplikasi bagus sih dengan upah berupa uang dollar buat yang mau coba saya saranin minimal bisa basic dulu dalam berbahasa inggris,"['aplikasi', 'bagus', 'sih', 'dengan', 'upah', 'berupa', 'uang', 'dollar', 'buat', 'yang', 'mau', 'coba', 'saya', 'saranin', 'minimal', 'bisa', 'basic', 'dulu', 'dalam', 'berbahasa', 'inggris']","['aplikasi', 'bagus', 'sih', 'upah', 'uang', 'dollar', 'coba', 'saranin', 'minimal', 'basic', 'berbahasa', 'inggris']","['aplikasi', 'bagus', 'sih', 'upah', 'uang', 'dollar', 'coba', 'saranin', 'minimal', 'basic', 'bahasa', 'inggris']",aplikasi bagus sih upah uang dollar coba saranin minimal basic bahasa inggris
Sino,Coba pertama dapat job ngga,5,2025-01-22 23:45:18,0,positif,id,coba pertama dapat job ngga,coba pertama dapat job ngga,"['coba', 'pertama', 'dapat', 'job', 'ngga']","['coba', 'job', 'ngga']","['coba', 'job', 'ngga']",coba job ngga
yani ariyanti,It's good for our discussion,5,2025-01-17 12:33:11,0,positif,en,it's good for our discussion,its good for our discussion,"['its', 'good', 'for', 'our', 'discussion']","['good', 'discussion']","['good', 'discuss']",good discuss
VectorJurig C,Good app,5,2025-01-13 11:37:07,0,positif,en,good app,good app,"['good', 'app']","['good', 'app']","['good', 'app']",good app
Kelvin Pratama Putra,Sangat membantu,5,2025-01-11 23:34:26,0,positif,id,sangat membantu,sangat membantu,"['sangat', 'membantu']",['membantu'],['bantu'],bantu
Aris Wissell,Recommended,5,2025-01-07 21:34:59,0,positif,en,recommended,recommended,['recommended'],['recommended'],['recommend'],recommend
Clay4people,"Thank you Upwork, at the beginning it's hard to search job, after I learn my skill and meets with clients need this is very potential! Thank you! 👍🏻 ☺️",5,2025-01-05 01:24:19,0,positif,en,"thank you upwork, at the beginning it's hard to search job, after i learn my skill and meets with clients need this is very potential! thank you! 👍🏻 ☺️",thank you upwork at the beginning its hard to search job after i learn my skill and meets with clients need this is very potential thank you,"['thank', 'you', 'upwork', 'at', 'the', 'beginning', 'its', 'hard', 'to', 'search', 'job', 'after', 'i', 'learn', 'my', 'skill', 'and', 'meets', 'with', 'clients', 'need', 'this', 'is', 'very', 'potential', 'thank', 'you']","['thank', 'upwork', 'beginning', 'hard', 'search', 'job', 'learn', 'skill', 'meets', 'clients', 'need', 'potential', 'thank']","['thank', 'upwork', 'begin', 'hard', 'search', 'job', 'learn', 'skill', 'meet', 'client', 'need', 'potenti', 'thank']",thank upwork begin hard search job learn skill meet client need potenti thank
Crew Basic,"Belum juga apa-apa harus beli connect dl? Setelah beli connect belum tentu dapet kerjaan, ada sistem bid, really?!",1,2024-12-28 12:21:32,0,negatif,id,"belum juga apa-apa harus beli connect dl? setelah beli connect belum tentu dapet kerjaan, ada sistem bid, really?!",belum juga apaapa harus beli connect dl setelah beli connect belum tentu dapet kerjaan ada sistem bid really,"['belum', 'juga', 'apaapa', 'harus', 'beli', 'connect', 'dl', 'setelah', 'beli', 'connect', 'belum', 'tentu', 'dapet', 'kerjaan', 'ada', 'sistem', 'bid', 'really']","['apaapa', 'beli', 'connect', 'dl', 'beli', 'connect', 'dapet', 'kerjaan', 'sistem', 'bid', 'really']","['apaapa', 'beli', 'connect', 'dl', 'beli', 'connect', 'dapet', 'kerja', 'sistem', 'bid', 'really']",apaapa beli connect dl beli connect dapet kerja sistem bid really
La Suharaa,Bagaimana cara mendapatkanpromo kodenya ketika mau apply?,2,2024-12-25 08:03:14,0,negatif,id,bagaimana cara mendapatkanpromo kodenya ketika mau apply?,bagaimana cara mendapatkanpromo kodenya ketika mau apply,"['bagaimana', 'cara', 'mendapatkanpromo', 'kodenya', 'ketika', 'mau', 'apply']","['mendapatkanpromo', 'kodenya', 'apply']","['mendapatkanpromo', 'kode', 'apply']",mendapatkanpromo kode apply
Song Writer,"Saya blm mencoba memulai tugas,,tapi kesulitan saya di aplikasi ini adlh tidak tersedia bahasa Indonesia,,saya kesulitan",5,2024-12-17 14:11:39,4,positif,id,"saya blm mencoba memulai tugas,,tapi kesulitan saya di aplikasi ini adlh tidak tersedia bahasa indonesia,,saya kesulitan",saya blm mencoba memulai tugastapi kesulitan saya di aplikasi ini adlh tidak tersedia bahasa indonesiasaya kesulitan,"['saya', 'blm', 'mencoba', 'memulai', 'tugastapi', 'kesulitan', 'saya', 'di', 'aplikasi', 'ini', 'adlh', 'tidak', 'tersedia', 'bahasa', 'indonesiasaya', 'kesulitan']","['blm', 'mencoba', 'tugastapi', 'kesulitan', 'aplikasi', 'adlh', 'tersedia', 'bahasa', 'indonesiasaya', 'kesulitan']","['blm', 'coba', 'tugastapi', 'sulit', 'aplikasi', 'adlh', 'sedia', 'bahasa', 'indonesiasaya', 'sulit']",blm coba tugastapi sulit aplikasi adlh sedia bahasa indonesiasaya sulit
Dinda Moon,Tidak ada tombol proposal,1,2024-12-16 01:17:41,4,negatif,id,tidak ada tombol proposal,tidak ada tombol proposal,"['tidak', 'ada', 'tombol', 'proposal']","['tombol', 'proposal']","['tombol', 'proposal']",tombol proposal
Hilal,Mantap,5,2024-12-14 07:51:24,0,positif,id,mantap,mantap,['mantap'],['mantap'],['mantap'],mantap
Endah W,"Great platform to earn money but unfortunately, we must buy connect..why don't Upwork provide ads for us to watch as win solution for free connects just like other platforms",4,2024-12-06 06:01:13,1,positif,en,"great platform to earn money but unfortunately, we must buy connect..why don't upwork provide ads for us to watch as win solution for free connects just like other platforms",great platform to earn money but unfortunately we must buy connectwhy dont upwork provide ads for us to watch as win solution for free connects just like other platforms,"['great', 'platform', 'to', 'earn', 'money', 'but', 'unfortunately', 'we', 'must', 'buy', 'connectwhy', 'dont', 'upwork', 'provide', 'ads', 'for', 'us', 'to', 'watch', 'as', 'win', 'solution', 'for', 'free', 'connects', 'just', 'like', 'other', 'platforms']","['great', 'platform', 'earn', 'money', 'unfortunately', 'must', 'buy', 'connectwhy', 'dont', 'upwork', 'provide', 'ads', 'us', 'watch', 'win', 'solution', 'free', 'connects', 'like', 'platforms']","['great', 'platform', 'earn', 'money', 'unfortun', 'must', 'buy', 'connectwhi', 'dont', 'upwork', 'provid', 'ad', 'us', 'watch', 'win', 'solut', 'free', 'connect', 'like', 'platform']",great platform earn money unfortun must buy connectwhi dont upwork provid ad us watch win solut free connect like platform
Max Mario,This app is user friendly.,5,2024-11-27 03:00:49,0,positif,en,this app is user friendly.,this app is user friendly,"['this', 'app', 'is', 'user', 'friendly']","['app', 'user', 'friendly']","['app', 'user', 'friendli']",app user friendli
Dodi Septiadi,Cant upload photos,3,2024-11-26 03:31:08,0,netral,en,cant upload photos,cant upload photos,"['cant', 'upload', 'photos']","['cant', 'upload', 'photos']","['cant', 'upload', 'photo']",cant upload photo
Jhoni S,Dulu bagus....sekarang terlalu mahal untuk apply tapi terlalu banyak pekerjaan scam yang diijinkan,1,2024-11-21 06:45:44,25,negatif,id,dulu bagus....sekarang terlalu mahal untuk apply tapi terlalu banyak pekerjaan scam yang diijinkan,dulu bagussekarang terlalu mahal untuk apply tapi terlalu banyak pekerjaan scam yang diijinkan,"['dulu', 'bagussekarang', 'terlalu', 'mahal', 'untuk', 'apply', 'tapi', 'terlalu', 'banyak', 'pekerjaan', 'scam', 'yang', 'diijinkan']","['bagussekarang', 'mahal', 'apply', 'pekerjaan', 'scam', 'diijinkan']","['bagussekarang', 'mahal', 'apply', 'kerja', 'scam', 'diijinkan']",bagussekarang mahal apply kerja scam diijinkan
safie,Bintang 5 dulu xixi,5,2024-11-21 03:50:52,0,positif,id,bintang 5 dulu xixi,bintang  dulu xixi,"['bintang', 'dulu', 'xixi']","['bintang', 'xixi']","['bintang', 'xixi']",bintang xixi
RIAN RIALDI,"Sangat buruk, saya tidak bisa memverifikasi identitas saya yang resmi dari indonesia dan identitas sim nasional saya pun tidak bisa, mempersulit",1,2024-11-20 08:09:43,0,negatif,id,"sangat buruk, saya tidak bisa memverifikasi identitas saya yang resmi dari indonesia dan identitas sim nasional saya pun tidak bisa, mempersulit",sangat buruk saya tidak bisa memverifikasi identitas saya yang resmi dari indonesia dan identitas sim nasional saya pun tidak bisa mempersulit,"['sangat', 'buruk', 'saya', 'tidak', 'bisa', 'memverifikasi', 'identitas', 'saya', 'yang', 'resmi', 'dari', 'indonesia', 'dan', 'identitas', 'sim', 'nasional', 'saya', 'pun', 'tidak', 'bisa', 'mempersulit']","['buruk', 'memverifikasi', 'identitas', 'resmi', 'indonesia', 'identitas', 'sim', 'nasional', 'mempersulit']","['buruk', 'verifikasi', 'identitas', 'resmi', 'indonesia', 'identitas', 'sim', 'nasional', 'sulit']",buruk verifikasi identitas resmi indonesia identitas sim nasional sulit
Yolanda Siregar,"Bagaimana ini masa mau apply job harus bayar dulu. Aplikasi ini bukannya untuk membantu menambah penghasilan namun harus dibayar dulu job yang di apply. Tolong di perbaiki lagi dong, masa harus bayar untuk apply job. Gimana jika mahasiswa yg apply job dan emang mau kerja sebagai freelance sambil menunggu pekerjaan tetap.",1,2024-11-16 00:48:25,264,negatif,id,"bagaimana ini masa mau apply job harus bayar dulu. aplikasi ini bukannya untuk membantu menambah penghasilan namun harus dibayar dulu job yang di apply. tolong di perbaiki lagi dong, masa harus bayar untuk apply job. gimana jika mahasiswa yg apply job dan emang mau kerja sebagai freelance sambil menunggu pekerjaan tetap.",bagaimana ini masa mau apply job harus bayar dulu aplikasi ini bukannya untuk membantu menambah penghasilan namun harus dibayar dulu job yang di apply tolong di perbaiki lagi dong masa harus bayar untuk apply job gimana jika mahasiswa yg apply job dan emang mau kerja sebagai freelance sambil menunggu pekerjaan tetap,"['bagaimana', 'ini', 'masa', 'mau', 'apply', 'job', 'harus', 'bayar', 'dulu', 'aplikasi', 'ini', 'bukannya', 'untuk', 'membantu', 'menambah', 'penghasilan', 'namun', 'harus', 'dibayar', 'dulu', 'job', 'yang', 'di', 'apply', 'tolong', 'di', 'perbaiki', 'lagi', 'dong', 'masa', 'harus', 'bayar', 'untuk', 'apply', 'job', 'gimana', 'jika', 'mahasiswa', 'yg', 'apply', 'job', 'dan', 'emang', 'mau', 'kerja', 'sebagai', 'freelance', 'sambil', 'menunggu', 'pekerjaan', 'tetap']","['apply', 'job', 'bayar', 'aplikasi', 'membantu', 'menambah', 'penghasilan', 'dibayar', 'job', 'apply', 'tolong', 'perbaiki', 'bayar', 'apply', 'job', 'gimana', 'mahasiswa', 'yg', 'apply', 'job', 'emang', 'kerja', 'freelance', 'menunggu', 'pekerjaan']","['apply', 'job', 'bayar', 'aplikasi', 'bantu', 'tambah', 'hasil', 'bayar', 'job', 'apply', 'tolong', 'baik', 'bayar', 'apply', 'job', 'gimana', 'mahasiswa', 'yg', 'apply', 'job', 'emang', 'kerja', 'freelance', 'tunggu', 'kerja']",apply job bayar aplikasi bantu tambah hasil bayar job apply tolong baik bayar apply job gimana mahasiswa yg apply job emang kerja freelance tunggu kerja
Addin Nur aulia,Mantap,5,2024-11-14 06:03:46,0,positif,id,mantap,mantap,['mantap'],['mantap'],['mantap'],mantap
YM,"Tidak ada fitur untuk email CS nya! Saya mau report seller yang sudah memakai portofolio saya tapi pihak upwork tidak menggubris! Terutama untuk seller india, parah seenaknya pakai karya orang!",1,2024-11-05 01:57:19,13,negatif,id,"tidak ada fitur untuk email cs nya! saya mau report seller yang sudah memakai portofolio saya tapi pihak upwork tidak menggubris! terutama untuk seller india, parah seenaknya pakai karya orang!",tidak ada fitur untuk email cs nya saya mau report seller yang sudah memakai portofolio saya tapi pihak upwork tidak menggubris terutama untuk seller india parah seenaknya pakai karya orang,"['tidak', 'ada', 'fitur', 'untuk', 'email', 'cs', 'nya', 'saya', 'mau', 'report', 'seller', 'yang', 'sudah', 'memakai', 'portofolio', 'saya', 'tapi', 'pihak', 'upwork', 'tidak', 'menggubris', 'terutama', 'untuk', 'seller', 'india', 'parah', 'seenaknya', 'pakai', 'karya', 'orang']","['fitur', 'email', 'cs', 'nya', 'report', 'seller', 'memakai', 'portofolio', 'upwork', 'menggubris', 'seller', 'india', 'parah', 'pakai', 'karya', 'orang']","['fitur', 'email', 'cs', 'nya', 'report', 'seller', 'pakai', 'portofolio', 'upwork', 'gubris', 'seller', 'india', 'parah', 'pakai', 'karya', 'orang']",fitur email cs nya report seller pakai portofolio upwork gubris seller india parah pakai karya orang
MASCODETNG,"So pretentious, there is no tolerance for making the slightest mistake, my money is made difficult to disburse. May you all have your own bad luck",1,2024-10-14 11:21:31,0,negatif,en,"so pretentious, there is no tolerance for making the slightest mistake, my money is made difficult to disburse. may you all have your own bad luck",so pretentious there is no tolerance for making the slightest mistake my money is made difficult to disburse may you all have your own bad luck,"['so', 'pretentious', 'there', 'is', 'no', 'tolerance', 'for', 'making', 'the', 'slightest', 'mistake', 'my', 'money', 'is', 'made', 'difficult', 'to', 'disburse', 'may', 'you', 'all', 'have', 'your', 'own', 'bad', 'luck']","['pretentious', 'tolerance', 'making', 'slightest', 'mistake', 'money', 'made', 'difficult', 'disburse', 'may', 'bad', 'luck']","['pretenti', 'toler', 'make', 'slightest', 'mistak', 'money', 'made', 'difficult', 'disburs', 'may', 'bad', 'luck']",pretenti toler make slightest mistak money made difficult disburs may bad luck
lucky ari,Aplikasi bagus untuk freelance mencari dollar dengan mengerjakan tugas yg sesuai keahlian masing² individu👍⭐⭐⭐⭐⭐,5,2024-10-14 06:43:20,37,positif,id,aplikasi bagus untuk freelance mencari dollar dengan mengerjakan tugas yg sesuai keahlian masing² individu👍⭐⭐⭐⭐⭐,aplikasi bagus untuk freelance mencari dollar dengan mengerjakan tugas yg sesuai keahlian masing² individu,"['aplikasi', 'bagus', 'untuk', 'freelance', 'mencari', 'dollar', 'dengan', 'mengerjakan', 'tugas', 'yg', 'sesuai', 'keahlian', 'masing²', 'individu']","['aplikasi', 'bagus', 'freelance', 'mencari', 'dollar', 'tugas', 'yg', 'sesuai', 'keahlian', 'masing²', 'individu']","['aplikasi', 'bagus', 'freelance', 'cari', 'dollar', 'tugas', 'yg', 'sesuai', 'ahli', 'masing', 'individu']",aplikasi bagus freelance cari dollar tugas yg sesuai ahli masing individu
Alvis Rusmadiputra,aplikasi yg menarik untuk bisa terus bisa berkompetitif dan mendapatkan pengalaman kerja dan profesi,5,2024-10-13 02:32:57,16,positif,id,aplikasi yg menarik untuk bisa terus bisa berkompetitif dan mendapatkan pengalaman kerja dan profesi,aplikasi yg menarik untuk bisa terus bisa berkompetitif dan mendapatkan pengalaman kerja dan profesi,"['aplikasi', 'yg', 'menarik', 'untuk', 'bisa', 'terus', 'bisa', 'berkompetitif', 'dan', 'mendapatkan', 'pengalaman', 'kerja', 'dan', 'profesi']","['aplikasi', 'yg', 'menarik', 'berkompetitif', 'pengalaman', 'kerja', 'profesi']","['aplikasi', 'yg', 'tarik', 'kompetitif', 'alam', 'kerja', 'profesi']",aplikasi yg tarik kompetitif alam kerja profesi
Imam Muthohar,Good application,5,2024-10-10 17:50:47,0,positif,en,good application,good application,"['good', 'application']","['good', 'application']","['good', 'applic']",good applic
Fahmi Nurdiansyah,Aku masih bingung menggunakan nya,3,2024-10-03 12:33:15,0,netral,id,aku masih bingung menggunakan nya,aku masih bingung menggunakan nya,"['aku', 'masih', 'bingung', 'menggunakan', 'nya']","['bingung', 'nya']","['bingung', 'nya']",bingung nya
Bee Meong,"Harus beli dulu connect! baru juga daftar, udh disuruh bayar dulu, mending langsung deal, ini masih bermain dengan bid, astaga!",1,2024-09-12 01:52:40,4,negatif,id,"harus beli dulu connect! baru juga daftar, udh disuruh bayar dulu, mending langsung deal, ini masih bermain dengan bid, astaga!",harus beli dulu connect baru juga daftar udh disuruh bayar dulu mending langsung deal ini masih bermain dengan bid astaga,"['harus', 'beli', 'dulu', 'connect', 'baru', 'juga', 'daftar', 'udh', 'disuruh', 'bayar', 'dulu', 'mending', 'langsung', 'deal', 'ini', 'masih', 'bermain', 'dengan', 'bid', 'astaga']","['beli', 'connect', 'daftar', 'udh', 'disuruh', 'bayar', 'mending', 'langsung', 'deal', 'bermain', 'bid', 'astaga']","['beli', 'connect', 'daftar', 'udh', 'suruh', 'bayar', 'mending', 'langsung', 'deal', 'main', 'bid', 'astaga']",beli connect daftar udh suruh bayar mending langsung deal main bid astaga
Lupus Auriga,I have bad experience. Dapet freelance 5x tapi di suruh transfer dan juga g ada profil perusahaan yg masang job. Mending langsung nyari di website resminya,1,2024-09-01 03:24:39,15,negatif,id,i have bad experience. dapet freelance 5x tapi di suruh transfer dan juga g ada profil perusahaan yg masang job. mending langsung nyari di website resminya,i have bad experience dapet freelance x tapi di suruh transfer dan juga g ada profil perusahaan yg masang job mending langsung nyari di website resminya,"['i', 'have', 'bad', 'experience', 'dapet', 'freelance', 'x', 'tapi', 'di', 'suruh', 'transfer', 'dan', 'juga', 'g', 'ada', 'profil', 'perusahaan', 'yg', 'masang', 'job', 'mending', 'langsung', 'nyari', 'di', 'website', 'resminya']","['i', 'have', 'bad', 'experience', 'dapet', 'freelance', 'x', 'suruh', 'transfer', 'g', 'profil', 'perusahaan', 'yg', 'masang', 'job', 'mending', 'langsung', 'nyari', 'website', 'resminya']","['i', 'have', 'bad', 'experience', 'dapet', 'freelance', 'x', 'suruh', 'transfer', 'g', 'profil', 'usaha', 'yg', 'masang', 'job', 'mending', 'langsung', 'nyari', 'website', 'resmi']",i have bad experience dapet freelance x suruh transfer g profil usaha yg masang job mending langsung nyari website resmi
Jun,"Verifikasi identitas gagal, udh upload dokumen ID, driving licence, photo selfy:(",4,2024-08-28 12:46:31,0,positif,en,"verifikasi identitas gagal, udh upload dokumen id, driving licence, photo selfy:(",verifikasi identitas gagal udh upload dokumen id driving licence photo selfy,"['verifikasi', 'identitas', 'gagal', 'udh', 'upload', 'dokumen', 'id', 'driving', 'licence', 'photo', 'selfy']","['verifikasi', 'identitas', 'gagal', 'udh', 'upload', 'dokumen', 'id', 'driving', 'licence', 'photo', 'selfy']","['verifikasi', 'identita', 'gagal', 'udh', 'upload', 'dokumen', 'id', 'drive', 'licenc', 'photo', 'selfi']",verifikasi identita gagal udh upload dokumen id drive licenc photo selfi
berlian fauziyyah,"Kasih bintang 1 dulu karena saya mengalami keterhambatan saat akan memverifikasi identitas dengan menggunakan KTP. Pencahayaan ok tapi dia bilangnya gelap terus, jadinya gak bisa resume activities padahal udah up resume in English sampe aku translate dadakan, kecewa banget.",1,2024-08-28 11:41:54,39,negatif,id,"kasih bintang 1 dulu karena saya mengalami keterhambatan saat akan memverifikasi identitas dengan menggunakan ktp. pencahayaan ok tapi dia bilangnya gelap terus, jadinya gak bisa resume activities padahal udah up resume in english sampe aku translate dadakan, kecewa banget.",kasih bintang  dulu karena saya mengalami keterhambatan saat akan memverifikasi identitas dengan menggunakan ktp pencahayaan ok tapi dia bilangnya gelap terus jadinya gak bisa resume activities padahal udah up resume in english sampe aku translate dadakan kecewa banget,"['kasih', 'bintang', 'dulu', 'karena', 'saya', 'mengalami', 'keterhambatan', 'saat', 'akan', 'memverifikasi', 'identitas', 'dengan', 'menggunakan', 'ktp', 'pencahayaan', 'ok', 'tapi', 'dia', 'bilangnya', 'gelap', 'terus', 'jadinya', 'gak', 'bisa', 'resume', 'activities', 'padahal', 'udah', 'up', 'resume', 'in', 'english', 'sampe', 'aku', 'translate', 'dadakan', 'kecewa', 'banget']","['kasih', 'bintang', 'mengalami', 'keterhambatan', 'memverifikasi', 'identitas', 'ktp', 'pencahayaan', 'ok', 'bilangnya', 'gelap', 'gak', 'resume', 'activities', 'udah', 'up', 'resume', 'in', 'english', 'sampe', 'translate', 'dadakan', 'kecewa', 'banget']","['kasih', 'bintang', 'alami', 'hambat', 'verifikasi', 'identitas', 'ktp', 'cahaya', 'ok', 'bilang', 'gelap', 'gak', 'resume', 'activities', 'udah', 'up', 'resume', 'in', 'english', 'sampe', 'translate', 'dada', 'kecewa', 'banget']",kasih bintang alami hambat verifikasi identitas ktp cahaya ok bilang gelap gak resume activities udah up resume in english sampe translate dada kecewa banget
Tangguh Waly,Suka sih dg aplikasi ini... Tapi harap tambahkan bahasa Indonesia agar para pengguna yg dari Indonesia bisa mencari pekerjaan freelance dg mudah,4,2024-08-28 02:48:32,21,positif,id,suka sih dg aplikasi ini... tapi harap tambahkan bahasa indonesia agar para pengguna yg dari indonesia bisa mencari pekerjaan freelance dg mudah,suka sih dg aplikasi ini tapi harap tambahkan bahasa indonesia agar para pengguna yg dari indonesia bisa mencari pekerjaan freelance dg mudah,"['suka', 'sih', 'dg', 'aplikasi', 'ini', 'tapi', 'harap', 'tambahkan', 'bahasa', 'indonesia', 'agar', 'para', 'pengguna', 'yg', 'dari', 'indonesia', 'bisa', 'mencari', 'pekerjaan', 'freelance', 'dg', 'mudah']","['suka', 'sih', 'dg', 'aplikasi', 'harap', 'tambahkan', 'bahasa', 'indonesia', 'pengguna', 'yg', 'indonesia', 'mencari', 'pekerjaan', 'freelance', 'dg', 'mudah']","['suka', 'sih', 'dg', 'aplikasi', 'harap', 'tambah', 'bahasa', 'indonesia', 'guna', 'yg', 'indonesia', 'cari', 'kerja', 'freelance', 'dg', 'mudah']",suka sih dg aplikasi harap tambah bahasa indonesia guna yg indonesia cari kerja freelance dg mudah
Eko Retmawan (Mas Garet),Great App,5,2024-08-25 00:32:13,0,positif,en,great app,great app,"['great', 'app']","['great', 'app']","['great', 'app']",great app
Arah Han Media,"Bagus, cuma kalau bisa tambahin fitur translate juga",5,2024-08-22 18:38:32,74,positif,id,"bagus, cuma kalau bisa tambahin fitur translate juga",bagus cuma kalau bisa tambahin fitur translate juga,"['bagus', 'cuma', 'kalau', 'bisa', 'tambahin', 'fitur', 'translate', 'juga']","['bagus', 'tambahin', 'fitur', 'translate']","['bagus', 'tambahin', 'fitur', 'translate']",bagus tambahin fitur translate
Exelcius Marturio,"Bagus aplikasinya, membantu...",5,2024-08-07 08:05:21,2,positif,id,"bagus aplikasinya, membantu...",bagus aplikasinya membantu,"['bagus', 'aplikasinya', 'membantu']","['bagus', 'aplikasinya', 'membantu']","['bagus', 'aplikasi', 'bantu']",bagus aplikasi bantu
Kyousuke Hasegawa,"Baru isi profil aja banyak yg gak bisa diisi. Posisi kerja saya dulu gak muncul, perusahaan, universitas, dll banyak yg gak muncul. Padahal baru isi profil. Sayangnya gak bisa isi manual, jadi gak terlalu berguna untuk yg perusahaan, universitas nya, dll gak muncul. Saya akan tunggu 1x update, kalau masih sama akan saya uninstall aplikasinya.",1,2024-07-30 08:06:14,24,negatif,id,"baru isi profil aja banyak yg gak bisa diisi. posisi kerja saya dulu gak muncul, perusahaan, universitas, dll banyak yg gak muncul. padahal baru isi profil. sayangnya gak bisa isi manual, jadi gak terlalu berguna untuk yg perusahaan, universitas nya, dll gak muncul. saya akan tunggu 1x update, kalau masih sama akan saya uninstall aplikasinya.",baru isi profil aja banyak yg gak bisa diisi posisi kerja saya dulu gak muncul perusahaan universitas dll banyak yg gak muncul padahal baru isi profil sayangnya gak bisa isi manual jadi gak terlalu berguna untuk yg perusahaan universitas nya dll gak muncul saya akan tunggu x update kalau masih sama akan saya uninstall aplikasinya,"['baru', 'isi', 'profil', 'aja', 'banyak', 'yg', 'gak', 'bisa', 'diisi', 'posisi', 'kerja', 'saya', 'dulu', 'gak', 'muncul', 'perusahaan', 'universitas', 'dll', 'banyak', 'yg', 'gak', 'muncul', 'padahal', 'baru', 'isi', 'profil', 'sayangnya', 'gak', 'bisa', 'isi', 'manual', 'jadi', 'gak', 'terlalu', 'berguna', 'untuk', 'yg', 'perusahaan', 'universitas', 'nya', 'dll', 'gak', 'muncul', 'saya', 'akan', 'tunggu', 'x', 'update', 'kalau', 'masih', 'sama', 'akan', 'saya', 'uninstall', 'aplikasinya']","['isi', 'profil', 'aja', 'yg', 'gak', 'diisi', 'posisi', 'kerja', 'gak', 'muncul', 'perusahaan', 'universitas', 'dll', 'yg', 'gak', 'muncul', 'isi', 'profil', 'sayangnya', 'gak', 'isi', 'manual', 'gak', 'berguna', 'yg', 'perusahaan', 'universitas', 'nya', 'dll', 'gak', 'muncul', 'tunggu', 'x', 'update', 'uninstall', 'aplikasinya']","['isi', 'profil', 'aja', 'yg', 'gak', 'isi', 'posisi', 'kerja', 'gak', 'muncul', 'usaha', 'universitas', 'dll', 'yg', 'gak', 'muncul', 'isi', 'profil', 'sayang', 'gak', 'isi', 'manual', 'gak', 'guna', 'yg', 'usaha', 'universitas', 'nya', 'dll', 'gak', 'muncul', 'tunggu', 'x', 'update', 'uninstall', 'aplikasi']",isi profil aja yg gak isi posisi kerja gak muncul usaha universitas dll yg gak muncul isi profil sayang gak isi manual gak guna yg usaha universitas nya dll gak muncul tunggu x update uninstall aplikasi
Muhammad Said,i have some problem in identity verification. has tried drive license & ID card but still rejected by system :( my ID is indonesian please help me,5,2024-07-28 10:05:20,0,positif,en,i have some problem in identity verification. has tried drive license & id card but still rejected by system :( my id is indonesian please help me,i have some problem in identity verification has tried drive license  id card but still rejected by system  my id is indonesian please help me,"['i', 'have', 'some', 'problem', 'in', 'identity', 'verification', 'has', 'tried', 'drive', 'license', 'id', 'card', 'but', 'still', 'rejected', 'by', 'system', 'my', 'id', 'is', 'indonesian', 'please', 'help', 'me']","['problem', 'identity', 'verification', 'tried', 'drive', 'license', 'id', 'card', 'still', 'rejected', 'system', 'id', 'indonesian', 'please', 'help']","['problem', 'ident', 'verif', 'tri', 'drive', 'licens', 'id', 'card', 'still', 'reject', 'system', 'id', 'indonesian', 'pleas', 'help']",problem ident verif tri drive licens id card still reject system id indonesian pleas help
Jan Imhesic,"Verifikasi email sangat lama, benar-benar payah",2,2024-07-24 10:52:11,5,negatif,id,"verifikasi email sangat lama, benar-benar payah",verifikasi email sangat lama benarbenar payah,"['verifikasi', 'email', 'sangat', 'lama', 'benarbenar', 'payah']","['verifikasi', 'email', 'benarbenar', 'payah']","['verifikasi', 'email', 'benarbenar', 'payah']",verifikasi email benarbenar payah
Nhur Holifah,"Sy cri kerjaan di upwork malah dsruh beli utk memulai koneksi, gmn mau dpt penghasilann",1,2024-07-21 06:03:05,11,negatif,id,"sy cri kerjaan di upwork malah dsruh beli utk memulai koneksi, gmn mau dpt penghasilann",sy cri kerjaan di upwork malah dsruh beli utk memulai koneksi gmn mau dpt penghasilann,"['sy', 'cri', 'kerjaan', 'di', 'upwork', 'malah', 'dsruh', 'beli', 'utk', 'memulai', 'koneksi', 'gmn', 'mau', 'dpt', 'penghasilann']","['sy', 'cri', 'kerjaan', 'upwork', 'dsruh', 'beli', 'utk', 'koneksi', 'gmn', 'dpt', 'penghasilann']","['sy', 'cri', 'kerja', 'upwork', 'dsruh', 'beli', 'utk', 'koneksi', 'gmn', 'dpt', 'penghasilann']",sy cri kerja upwork dsruh beli utk koneksi gmn dpt penghasilann
El Gendut,"agak sulit dapet klien ,udah ngisi bebrapa kali",2,2024-07-19 15:04:44,0,negatif,id,"agak sulit dapet klien ,udah ngisi bebrapa kali",agak sulit dapet klien udah ngisi bebrapa kali,"['agak', 'sulit', 'dapet', 'klien', 'udah', 'ngisi', 'bebrapa', 'kali']","['sulit', 'dapet', 'klien', 'udah', 'ngisi', 'bebrapa', 'kali']","['sulit', 'dapet', 'klien', 'udah', 'ngisi', 'bebrapa', 'kali']",sulit dapet klien udah ngisi bebrapa kali
Bambang Eka Putra,its helping to work,5,2024-07-18 13:59:06,0,positif,en,its helping to work,its helping to work,"['its', 'helping', 'to', 'work']","['helping', 'work']","['help', 'work']",help work
salim unord,Best of freelancer apps,5,2024-07-16 14:49:11,0,positif,en,best of freelancer apps,best of freelancer apps,"['best', 'of', 'freelancer', 'apps']","['best', 'freelancer', 'apps']","['best', 'freelanc', 'app']",best freelanc app
Millatul Ulya,Jelek banget GK suka cara masuknya susah huekkkk,1,2024-07-11 12:02:39,0,negatif,id,jelek banget gk suka cara masuknya susah huekkkk,jelek banget gk suka cara masuknya susah huekkkk,"['jelek', 'banget', 'gk', 'suka', 'cara', 'masuknya', 'susah', 'huekkkk']","['jelek', 'banget', 'gk', 'suka', 'masuknya', 'susah', 'huekkkk']","['jelek', 'banget', 'gk', 'suka', 'masuk', 'susah', 'huekkkk']",jelek banget gk suka masuk susah huekkkk
Wahyu Ramadan,Too expensive for honestly applying jobs now. Better look for some other platform.,1,2024-07-07 04:32:44,0,negatif,en,too expensive for honestly applying jobs now. better look for some other platform.,too expensive for honestly applying jobs now better look for some other platform,"['too', 'expensive', 'for', 'honestly', 'applying', 'jobs', 'now', 'better', 'look', 'for', 'some', 'other', 'platform']","['expensive', 'honestly', 'applying', 'jobs', 'better', 'look', 'platform']","['expens', 'honestli', 'appli', 'job', 'better', 'look', 'platform']",expens honestli appli job better look platform
Johanna Merlinawati,I dont know how to contact the cs / asking for support. I have update my payment and unable to connect. Please give a clear email address of the support / customer services.,3,2024-06-20 00:22:37,0,netral,en,i dont know how to contact the cs / asking for support. i have update my payment and unable to connect. please give a clear email address of the support / customer services.,i dont know how to contact the cs  asking for support i have update my payment and unable to connect please give a clear email address of the support  customer services,"['i', 'dont', 'know', 'how', 'to', 'contact', 'the', 'cs', 'asking', 'for', 'support', 'i', 'have', 'update', 'my', 'payment', 'and', 'unable', 'to', 'connect', 'please', 'give', 'a', 'clear', 'email', 'address', 'of', 'the', 'support', 'customer', 'services']","['dont', 'know', 'contact', 'cs', 'asking', 'support', 'update', 'payment', 'unable', 'connect', 'please', 'give', 'clear', 'email', 'address', 'support', 'customer', 'services']","['dont', 'know', 'contact', 'cs', 'ask', 'support', 'updat', 'payment', 'unabl', 'connect', 'pleas', 'give', 'clear', 'email', 'address', 'support', 'custom', 'servic']",dont know contact cs ask support updat payment unabl connect pleas give clear email address support custom servic
hariati atiek,User friendly..no complaint so faf,5,2024-06-19 14:10:51,0,positif,en,user friendly..no complaint so faf,user friendlyno complaint so faf,"['user', 'friendlyno', 'complaint', 'so', 'faf']","['user', 'friendlyno', 'complaint', 'faf']","['user', 'friendlyno', 'complaint', 'faf']",user friendlyno complaint faf
sita sudiman,"Saya msh baru dan msh Dalam tahap belajar, sejauh ini bgs",5,2024-06-10 08:14:55,0,positif,id,"saya msh baru dan msh dalam tahap belajar, sejauh ini bgs",saya msh baru dan msh dalam tahap belajar sejauh ini bgs,"['saya', 'msh', 'baru', 'dan', 'msh', 'dalam', 'tahap', 'belajar', 'sejauh', 'ini', 'bgs']","['msh', 'msh', 'tahap', 'belajar', 'bgs']","['msh', 'msh', 'tahap', 'ajar', 'bgs']",msh msh tahap ajar bgs
Fitriani Halimah (Ima),Good apps,5,2024-06-09 18:14:25,0,positif,en,good apps,good apps,"['good', 'apps']","['good', 'apps']","['good', 'app']",good app
Agung Saputra,Sekarang banyak sekali clinet yang tidak membayar,4,2024-06-07 02:31:29,0,positif,id,sekarang banyak sekali clinet yang tidak membayar,sekarang banyak sekali clinet yang tidak membayar,"['sekarang', 'banyak', 'sekali', 'clinet', 'yang', 'tidak', 'membayar']","['clinet', 'membayar']","['clinet', 'bayar']",clinet bayar
Ummu Aisha,The best!. It's not too difficult to get a job here if we follow the instructions to maximize our profile so that it's easier to get the first job,5,2024-06-04 09:41:51,0,positif,en,the best!. it's not too difficult to get a job here if we follow the instructions to maximize our profile so that it's easier to get the first job,the best its not too difficult to get a job here if we follow the instructions to maximize our profile so that its easier to get the first job,"['the', 'best', 'its', 'not', 'too', 'difficult', 'to', 'get', 'a', 'job', 'here', 'if', 'we', 'follow', 'the', 'instructions', 'to', 'maximize', 'our', 'profile', 'so', 'that', 'its', 'easier', 'to', 'get', 'the', 'first', 'job']","['best', 'difficult', 'get', 'job', 'follow', 'instructions', 'maximize', 'profile', 'easier', 'get', 'first', 'job']","['best', 'difficult', 'get', 'job', 'follow', 'instruct', 'maxim', 'profil', 'easier', 'get', 'first', 'job']",best difficult get job follow instruct maxim profil easier get first job
AquraFamily Vlog,"mudah""an lancar",5,2024-05-31 06:42:00,0,positif,id,"mudah""an lancar",mudahan lancar,"['mudahan', 'lancar']","['mudahan', 'lancar']","['mudah', 'lancar']",mudah lancar
Ratna Tyas,"Great apps, help to find job and feel secure... Thanks 😊",5,2024-05-29 02:38:07,0,positif,en,"great apps, help to find job and feel secure... thanks 😊",great apps help to find job and feel secure thanks,"['great', 'apps', 'help', 'to', 'find', 'job', 'and', 'feel', 'secure', 'thanks']","['great', 'apps', 'help', 'find', 'job', 'feel', 'secure', 'thanks']","['great', 'app', 'help', 'find', 'job', 'feel', 'secur', 'thank']",great app help find job feel secur thank
Ohliz s,"mau aply kerja ngak bisa musti berbayar dan ada kodenya, ngak tahu kode dapat dari mana",3,2024-05-22 11:06:21,0,netral,id,"mau aply kerja ngak bisa musti berbayar dan ada kodenya, ngak tahu kode dapat dari mana",mau aply kerja ngak bisa musti berbayar dan ada kodenya ngak tahu kode dapat dari mana,"['mau', 'aply', 'kerja', 'ngak', 'bisa', 'musti', 'berbayar', 'dan', 'ada', 'kodenya', 'ngak', 'tahu', 'kode', 'dapat', 'dari', 'mana']","['aply', 'kerja', 'ngak', 'musti', 'berbayar', 'kodenya', 'ngak', 'kode']","['aply', 'kerja', 'ngak', 'musti', 'bayar', 'kode', 'ngak', 'kode']",aply kerja ngak musti bayar kode ngak kode
Dessy Ariani,This is good application,5,2024-05-21 05:45:35,0,positif,en,this is good application,this is good application,"['this', 'is', 'good', 'application']","['good', 'application']","['good', 'applic']",good applic
Handy Yamakawa,The best place to find freelance work to date.,5,2024-05-20 10:58:58,0,positif,en,the best place to find freelance work to date.,the best place to find freelance work to date,"['the', 'best', 'place', 'to', 'find', 'freelance', 'work', 'to', 'date']","['best', 'place', 'find', 'freelance', 'work', 'date']","['best', 'place', 'find', 'freelanc', 'work', 'date']",best place find freelanc work date
Dea Putri,"Halah, aplikasi apaan, gw kagak bisa Masuk, mana Bahasa inggris smua lagi",1,2024-05-20 05:19:33,7,negatif,id,"halah, aplikasi apaan, gw kagak bisa masuk, mana bahasa inggris smua lagi",halah aplikasi apaan gw kagak bisa masuk mana bahasa inggris smua lagi,"['halah', 'aplikasi', 'apaan', 'gw', 'kagak', 'bisa', 'masuk', 'mana', 'bahasa', 'inggris', 'smua', 'lagi']","['halah', 'aplikasi', 'gw', 'kagak', 'masuk', 'bahasa', 'inggris', 'smua']","['halah', 'aplikasi', 'gw', 'kagak', 'masuk', 'bahasa', 'inggris', 'smua']",halah aplikasi gw kagak masuk bahasa inggris smua
rangga kanha,Connecting so high price. Free for us,1,2024-05-14 18:40:41,0,negatif,en,connecting so high price. free for us,connecting so high price free for us,"['connecting', 'so', 'high', 'price', 'free', 'for', 'us']","['connecting', 'high', 'price', 'free', 'us']","['connect', 'high', 'price', 'free', 'us']",connect high price free us
Michael Jeremay,"the upwork apps is very helpful for the freelancer , but there's issue when we face a 5 security period before receive to ours upwork balance , thats not fair because we try very hard to find a real job in upwork between a lot of scammer job , so that we spend a lot of time find a real job , doing job , and more lot of time for waiting the security period..... thats frustrating cycle for continue , please take care more attention to freelancer don't busy make regulation from comfy of the client",2,2024-05-08 03:40:03,4,negatif,en,"the upwork apps is very helpful for the freelancer , but there's issue when we face a 5 security period before receive to ours upwork balance , thats not fair because we try very hard to find a real job in upwork between a lot of scammer job , so that we spend a lot of time find a real job , doing job , and more lot of time for waiting the security period..... thats frustrating cycle for continue , please take care more attention to freelancer don't busy make regulation from comfy of the client",the upwork apps is very helpful for the freelancer  but theres issue when we face a  security period before receive to ours upwork balance  thats not fair because we try very hard to find a real job in upwork between a lot of scammer job  so that we spend a lot of time find a real job  doing job  and more lot of time for waiting the security period thats frustrating cycle for continue  please take care more attention to freelancer dont busy make regulation from comfy of the client,"['the', 'upwork', 'apps', 'is', 'very', 'helpful', 'for', 'the', 'freelancer', 'but', 'theres', 'issue', 'when', 'we', 'face', 'a', 'security', 'period', 'before', 'receive', 'to', 'ours', 'upwork', 'balance', 'thats', 'not', 'fair', 'because', 'we', 'try', 'very', 'hard', 'to', 'find', 'a', 'real', 'job', 'in', 'upwork', 'between', 'a', 'lot', 'of', 'scammer', 'job', 'so', 'that', 'we', 'spend', 'a', 'lot', 'of', 'time', 'find', 'a', 'real', 'job', 'doing', 'job', 'and', 'more', 'lot', 'of', 'time', 'for', 'waiting', 'the', 'security', 'period', 'thats', 'frustrating', 'cycle', 'for', 'continue', 'please', 'take', 'care', 'more', 'attention', 'to', 'freelancer', 'dont', 'busy', 'make', 'regulation', 'from', 'comfy', 'of', 'the', 'client']","['upwork', 'apps', 'helpful', 'freelancer', 'theres', 'issue', 'face', 'security', 'period', 'receive', 'upwork', 'balance', 'thats', 'fair', 'try', 'hard', 'find', 'real', 'job', 'upwork', 'lot', 'scammer', 'job', 'spend', 'lot', 'time', 'find', 'real', 'job', 'job', 'lot', 'time', 'waiting', 'security', 'period', 'thats', 'frustrating', 'cycle', 'continue', 'please', 'take', 'care', 'attention', 'freelancer', 'dont', 'busy', 'make', 'regulation', 'comfy', 'client']","['upwork', 'app', 'help', 'freelanc', 'there', 'issu', 'face', 'secur', 'period', 'receiv', 'upwork', 'balanc', 'that', 'fair', 'tri', 'hard', 'find', 'real', 'job', 'upwork', 'lot', 'scammer', 'job', 'spend', 'lot', 'time', 'find', 'real', 'job', 'job', 'lot', 'time', 'wait', 'secur', 'period', 'that', 'frustrat', 'cycl', 'continu', 'pleas', 'take', 'care', 'attent', 'freelanc', 'dont', 'busi', 'make', 'regul', 'comfi', 'client']",upwork app help freelanc there issu face secur period receiv upwork balanc that fair tri hard find real job upwork lot scammer job spend lot time find real job job lot time wait secur period that frustrat cycl continu pleas take care attent freelanc dont busi make regul comfi client
Sanako Chikanatsu,Terima kasih,5,2024-05-06 04:02:46,0,positif,id,terima kasih,terima kasih,"['terima', 'kasih']","['terima', 'kasih']","['terima', 'kasih']",terima kasih
Dicky Melehoy,Apk ini sangat bagus buat kalian selamat mencoba 😁,5,2024-05-02 11:47:51,0,positif,id,apk ini sangat bagus buat kalian selamat mencoba 😁,apk ini sangat bagus buat kalian selamat mencoba,"['apk', 'ini', 'sangat', 'bagus', 'buat', 'kalian', 'selamat', 'mencoba']","['apk', 'bagus', 'selamat', 'mencoba']","['apk', 'bagus', 'selamat', 'coba']",apk bagus selamat coba
Me Ai,Sangat membantu dalam mencari pekerjaan yang terverifikasi,5,2024-05-02 01:55:31,0,positif,id,sangat membantu dalam mencari pekerjaan yang terverifikasi,sangat membantu dalam mencari pekerjaan yang terverifikasi,"['sangat', 'membantu', 'dalam', 'mencari', 'pekerjaan', 'yang', 'terverifikasi']","['membantu', 'mencari', 'pekerjaan', 'terverifikasi']","['bantu', 'cari', 'kerja', 'verifikasi']",bantu cari kerja verifikasi
Muhammad Ubaidilah,Good apps,5,2024-05-01 13:24:24,0,positif,en,good apps,good apps,"['good', 'apps']","['good', 'apps']","['good', 'app']",good app
Luluil Maknun,"Alhamdulillah, Allah kenal kan aku dengan upwork ❤️",5,2024-04-26 11:29:09,2,positif,id,"alhamdulillah, allah kenal kan aku dengan upwork ❤️",alhamdulillah allah kenal kan aku dengan upwork,"['alhamdulillah', 'allah', 'kenal', 'kan', 'aku', 'dengan', 'upwork']","['alhamdulillah', 'allah', 'kenal', 'upwork']","['alhamdulillah', 'allah', 'kenal', 'upwork']",alhamdulillah allah kenal upwork
mogan rafli,"My suggestion is that if you get a job on archived connect, just return it because I intend to look for work",5,2024-04-23 02:35:19,0,positif,en,"my suggestion is that if you get a job on archived connect, just return it because i intend to look for work",my suggestion is that if you get a job on archived connect just return it because i intend to look for work,"['my', 'suggestion', 'is', 'that', 'if', 'you', 'get', 'a', 'job', 'on', 'archived', 'connect', 'just', 'return', 'it', 'because', 'i', 'intend', 'to', 'look', 'for', 'work']","['suggestion', 'get', 'job', 'archived', 'connect', 'return', 'intend', 'look', 'work']","['suggest', 'get', 'job', 'archiv', 'connect', 'return', 'intend', 'look', 'work']",suggest get job archiv connect return intend look work
Alif Suprianto,Nice aplication 😍,5,2024-04-20 17:21:42,0,positif,en,nice aplication 😍,nice aplication,"['nice', 'aplication']","['nice', 'aplication']","['nice', 'aplic']",nice aplic
Hari Prasetyo,It's make people who has skill and quality easier to find a job. Very useful and trusted,5,2024-04-18 04:21:00,0,positif,en,it's make people who has skill and quality easier to find a job. very useful and trusted,its make people who has skill and quality easier to find a job very useful and trusted,"['its', 'make', 'people', 'who', 'has', 'skill', 'and', 'quality', 'easier', 'to', 'find', 'a', 'job', 'very', 'useful', 'and', 'trusted']","['make', 'people', 'skill', 'quality', 'easier', 'find', 'job', 'useful', 'trusted']","['make', 'peopl', 'skill', 'qualiti', 'easier', 'find', 'job', 'use', 'trust']",make peopl skill qualiti easier find job use trust
Atep Dian,Good app,5,2024-04-14 10:55:05,0,positif,en,good app,good app,"['good', 'app']","['good', 'app']","['good', 'app']",good app
reflon siagian,Loginya ke aplikasinya lambat,1,2024-03-26 14:14:01,1,negatif,id,loginya ke aplikasinya lambat,loginya ke aplikasinya lambat,"['loginya', 'ke', 'aplikasinya', 'lambat']","['loginya', 'aplikasinya', 'lambat']","['log', 'aplikasi', 'lambat']",log aplikasi lambat
Nurmalia Gallery,Biar cepat dapat kerjaan gimana ya,4,2024-03-22 05:46:04,0,positif,id,biar cepat dapat kerjaan gimana ya,biar cepat dapat kerjaan gimana ya,"['biar', 'cepat', 'dapat', 'kerjaan', 'gimana', 'ya']","['biar', 'cepat', 'kerjaan', 'gimana', 'ya']","['biar', 'cepat', 'kerja', 'gimana', 'ya']",biar cepat kerja gimana ya
Keluarga Joy,This app is so goodddd,5,2024-03-22 03:48:08,0,positif,en,this app is so goodddd,this app is so goodddd,"['this', 'app', 'is', 'so', 'goodddd']","['app', 'goodddd']","['app', 'goodddd']",app goodddd
Eko Retmawan (Mas Garet),Great Upwork,5,2024-03-21 03:22:26,0,positif,en,great upwork,great upwork,"['great', 'upwork']","['great', 'upwork']","['great', 'upwork']",great upwork
Salsa,"Hi, can you please fix the lost connect because I doesn't use connect and L already lost it. I just remember if connect will lost if we apply proposal, not because I scroll Job post !",3,2024-03-15 05:47:57,0,netral,en,"hi, can you please fix the lost connect because i doesn't use connect and l already lost it. i just remember if connect will lost if we apply proposal, not because i scroll job post !",hi can you please fix the lost connect because i doesnt use connect and l already lost it i just remember if connect will lost if we apply proposal not because i scroll job post,"['hi', 'can', 'you', 'please', 'fix', 'the', 'lost', 'connect', 'because', 'i', 'doesnt', 'use', 'connect', 'and', 'l', 'already', 'lost', 'it', 'i', 'just', 'remember', 'if', 'connect', 'will', 'lost', 'if', 'we', 'apply', 'proposal', 'not', 'because', 'i', 'scroll', 'job', 'post']","['hi', 'please', 'fix', 'lost', 'connect', 'doesnt', 'use', 'connect', 'l', 'already', 'lost', 'remember', 'connect', 'lost', 'apply', 'proposal', 'scroll', 'job', 'post']","['hi', 'pleas', 'fix', 'lost', 'connect', 'doesnt', 'use', 'connect', 'l', 'alreadi', 'lost', 'rememb', 'connect', 'lost', 'appli', 'propos', 'scroll', 'job', 'post']",hi pleas fix lost connect doesnt use connect l alreadi lost rememb connect lost appli propos scroll job post
Aceng alhasan,"Great app!!! Recomended buat yang pengen kerja wfh, gwe dapet projek + klien langganan selama 5 tahun dari aplikasi ini... Semoga tetap maju dan semakin maju...",5,2024-03-09 20:15:48,97,positif,id,"great app!!! recomended buat yang pengen kerja wfh, gwe dapet projek + klien langganan selama 5 tahun dari aplikasi ini... semoga tetap maju dan semakin maju...",great app recomended buat yang pengen kerja wfh gwe dapet projek  klien langganan selama  tahun dari aplikasi ini semoga tetap maju dan semakin maju,"['great', 'app', 'recomended', 'buat', 'yang', 'pengen', 'kerja', 'wfh', 'gwe', 'dapet', 'projek', 'klien', 'langganan', 'selama', 'tahun', 'dari', 'aplikasi', 'ini', 'semoga', 'tetap', 'maju', 'dan', 'semakin', 'maju']","['great', 'app', 'recomended', 'pengen', 'kerja', 'wfh', 'gwe', 'dapet', 'projek', 'klien', 'langganan', 'aplikasi', 'semoga', 'maju', 'maju']","['great', 'app', 'recomended', 'ken', 'kerja', 'wfh', 'gwe', 'dapet', 'projek', 'klien', 'langgan', 'aplikasi', 'moga', 'maju', 'maju']",great app recomended ken kerja wfh gwe dapet projek klien langgan aplikasi moga maju maju
Kinoa Vader,Good app for make money,5,2024-03-03 02:36:12,0,positif,en,good app for make money,good app for make money,"['good', 'app', 'for', 'make', 'money']","['good', 'app', 'make', 'money']","['good', 'app', 'make', 'money']",good app make money
yanuwati Wati,Susah login.. Verifikasi terus,1,2024-03-01 07:58:29,0,negatif,id,susah login.. verifikasi terus,susah login verifikasi terus,"['susah', 'login', 'verifikasi', 'terus']","['susah', 'login', 'verifikasi']","['susah', 'login', 'verifikasi']",susah login verifikasi
Dafit salutes,"Fitur yang di berikan memang begitu mudah dan nyaman, akan tetapi ada sedikit kendala untuk submitnya membiayakan connects yang bagus itupun harus prabayar lewat paypall atau visa pribadi. Yang saya sayangkan dari apps ini hanya soal connection yang menjadi sumber masalah baik saya sendiri maupun dari beberapa orang yang sudah mendownloadnya",3,2024-02-27 13:36:28,60,netral,id,"fitur yang di berikan memang begitu mudah dan nyaman, akan tetapi ada sedikit kendala untuk submitnya membiayakan connects yang bagus itupun harus prabayar lewat paypall atau visa pribadi. yang saya sayangkan dari apps ini hanya soal connection yang menjadi sumber masalah baik saya sendiri maupun dari beberapa orang yang sudah mendownloadnya",fitur yang di berikan memang begitu mudah dan nyaman akan tetapi ada sedikit kendala untuk submitnya membiayakan connects yang bagus itupun harus prabayar lewat paypall atau visa pribadi yang saya sayangkan dari apps ini hanya soal connection yang menjadi sumber masalah baik saya sendiri maupun dari beberapa orang yang sudah mendownloadnya,"['fitur', 'yang', 'di', 'berikan', 'memang', 'begitu', 'mudah', 'dan', 'nyaman', 'akan', 'tetapi', 'ada', 'sedikit', 'kendala', 'untuk', 'submitnya', 'membiayakan', 'connects', 'yang', 'bagus', 'itupun', 'harus', 'prabayar', 'lewat', 'paypall', 'atau', 'visa', 'pribadi', 'yang', 'saya', 'sayangkan', 'dari', 'apps', 'ini', 'hanya', 'soal', 'connection', 'yang', 'menjadi', 'sumber', 'masalah', 'baik', 'saya', 'sendiri', 'maupun', 'dari', 'beberapa', 'orang', 'yang', 'sudah', 'mendownloadnya']","['fitur', 'mudah', 'nyaman', 'kendala', 'submitnya', 'membiayakan', 'connects', 'bagus', 'itupun', 'prabayar', 'paypall', 'visa', 'pribadi', 'sayangkan', 'apps', 'connection', 'sumber', 'orang', 'mendownloadnya']","['fitur', 'mudah', 'nyaman', 'kendala', 'submitnya', 'biaya', 'connects', 'bagus', 'itu', 'prabayar', 'paypall', 'visa', 'pribadi', 'sayang', 'apps', 'connection', 'sumber', 'orang', 'mendownloadnya']",fitur mudah nyaman kendala submitnya biaya connects bagus itu prabayar paypall visa pribadi sayang apps connection sumber orang mendownloadnya
Gilang Ramadhan Inyuni Gian,It is very hard to find a real job that is paying for real,3,2024-02-21 04:29:06,0,netral,en,it is very hard to find a real job that is paying for real,it is very hard to find a real job that is paying for real,"['it', 'is', 'very', 'hard', 'to', 'find', 'a', 'real', 'job', 'that', 'is', 'paying', 'for', 'real']","['hard', 'find', 'real', 'job', 'paying', 'real']","['hard', 'find', 'real', 'job', 'pay', 'real']",hard find real job pay real
Lily Ptraa,Cukup bagus untuk mencari pekerjaan,4,2024-02-21 02:38:03,1,positif,id,cukup bagus untuk mencari pekerjaan,cukup bagus untuk mencari pekerjaan,"['cukup', 'bagus', 'untuk', 'mencari', 'pekerjaan']","['bagus', 'mencari', 'pekerjaan']","['bagus', 'cari', 'kerja']",bagus cari kerja
Musthofa Kmal,What a platform,5,2024-02-20 01:16:39,0,positif,en,what a platform,what a platform,"['what', 'a', 'platform']",['platform'],['platform'],platform
Wardhana Sutan,Aplikasi telegram kurang keterima pesan dari messenger,2,2024-02-19 13:59:04,0,negatif,id,aplikasi telegram kurang keterima pesan dari messenger,aplikasi telegram kurang keterima pesan dari messenger,"['aplikasi', 'telegram', 'kurang', 'keterima', 'pesan', 'dari', 'messenger']","['aplikasi', 'telegram', 'keterima', 'pesan', 'messenger']","['aplikasi', 'telegram', 'terima', 'pesan', 'messenger']",aplikasi telegram terima pesan messenger
Resti Amalia,Tempat nyari job,5,2024-02-18 19:56:18,0,positif,id,tempat nyari job,tempat nyari job,"['tempat', 'nyari', 'job']","['nyari', 'job']","['nyari', 'job']",nyari job
Evandio Pattiselanno,"Kalau saya boleh memberikan saran, sebaiknya connect jangan hanya berbayar karena tidak semua orang mampu membeli connect. Sebagai gantinya, saya harap agar di masa depan diberikan opsi dimana connect bisa didapat dengan menonton iklan. Ini adalah win win solution bagi freelancer dan upwork sekaligus. Selain itu, saya harap agar pekerjaan yang di archived (cancel atau closed) mohon agar connect saya dikembalikan saja. Terima kasih.",5,2024-02-11 15:52:36,1179,positif,id,"kalau saya boleh memberikan saran, sebaiknya connect jangan hanya berbayar karena tidak semua orang mampu membeli connect. sebagai gantinya, saya harap agar di masa depan diberikan opsi dimana connect bisa didapat dengan menonton iklan. ini adalah win win solution bagi freelancer dan upwork sekaligus. selain itu, saya harap agar pekerjaan yang di archived (cancel atau closed) mohon agar connect saya dikembalikan saja. terima kasih.",kalau saya boleh memberikan saran sebaiknya connect jangan hanya berbayar karena tidak semua orang mampu membeli connect sebagai gantinya saya harap agar di masa depan diberikan opsi dimana connect bisa didapat dengan menonton iklan ini adalah win win solution bagi freelancer dan upwork sekaligus selain itu saya harap agar pekerjaan yang di archived cancel atau closed mohon agar connect saya dikembalikan saja terima kasih,"['kalau', 'saya', 'boleh', 'memberikan', 'saran', 'sebaiknya', 'connect', 'jangan', 'hanya', 'berbayar', 'karena', 'tidak', 'semua', 'orang', 'mampu', 'membeli', 'connect', 'sebagai', 'gantinya', 'saya', 'harap', 'agar', 'di', 'masa', 'depan', 'diberikan', 'opsi', 'dimana', 'connect', 'bisa', 'didapat', 'dengan', 'menonton', 'iklan', 'ini', 'adalah', 'win', 'win', 'solution', 'bagi', 'freelancer', 'dan', 'upwork', 'sekaligus', 'selain', 'itu', 'saya', 'harap', 'agar', 'pekerjaan', 'yang', 'di', 'archived', 'cancel', 'atau', 'closed', 'mohon', 'agar', 'connect', 'saya', 'dikembalikan', 'saja', 'terima', 'kasih']","['saran', 'connect', 'berbayar', 'orang', 'membeli', 'connect', 'gantinya', 'harap', 'opsi', 'dimana', 'connect', 'menonton', 'iklan', 'win', 'win', 'solution', 'freelancer', 'upwork', 'harap', 'pekerjaan', 'archived', 'cancel', 'closed', 'mohon', 'connect', 'dikembalikan', 'terima', 'kasih']","['saran', 'connect', 'bayar', 'orang', 'beli', 'connect', 'ganti', 'harap', 'opsi', 'mana', 'connect', 'tonton', 'iklan', 'win', 'win', 'solution', 'freelancer', 'upwork', 'harap', 'kerja', 'archived', 'cancel', 'closed', 'mohon', 'connect', 'kembali', 'terima', 'kasih']",saran connect bayar orang beli connect ganti harap opsi mana connect tonton iklan win win solution freelancer upwork harap kerja archived cancel closed mohon connect kembali terima kasih
Hanin Hafizah Abdillah,"Keren, bisa buka di web biar jadi BHS Indonesia",5,2024-02-11 15:47:53,0,positif,id,"keren, bisa buka di web biar jadi bhs indonesia",keren bisa buka di web biar jadi bhs indonesia,"['keren', 'bisa', 'buka', 'di', 'web', 'biar', 'jadi', 'bhs', 'indonesia']","['keren', 'buka', 'web', 'biar', 'bhs', 'indonesia']","['keren', 'buka', 'web', 'biar', 'bhs', 'indonesia']",keren buka web biar bhs indonesia
Banana Monkey,Saya tidak pernah menyangka pekerjaan pertama saya berakhir dengan ditipu dan client yang tidak mau membayar gaji saya.,1,2024-02-11 04:46:59,5,negatif,id,saya tidak pernah menyangka pekerjaan pertama saya berakhir dengan ditipu dan client yang tidak mau membayar gaji saya.,saya tidak pernah menyangka pekerjaan pertama saya berakhir dengan ditipu dan client yang tidak mau membayar gaji saya,"['saya', 'tidak', 'pernah', 'menyangka', 'pekerjaan', 'pertama', 'saya', 'berakhir', 'dengan', 'ditipu', 'dan', 'client', 'yang', 'tidak', 'mau', 'membayar', 'gaji', 'saya']","['menyangka', 'pekerjaan', 'ditipu', 'client', 'membayar', 'gaji']","['sangka', 'kerja', 'tipu', 'client', 'bayar', 'gaji']",sangka kerja tipu client bayar gaji
Akhmad Sobari,bagusss,4,2024-02-10 06:20:00,0,positif,id,bagusss,bagusss,['bagusss'],['bagusss'],['bagusss'],bagusss
Der's Gamer'z,"Saya sangat kecewa, kenapa akun saya tiba-tiba di tutup padahal saya tidak melakukan kesalahan sedikitpun",2,2024-02-05 15:23:50,0,negatif,id,"saya sangat kecewa, kenapa akun saya tiba-tiba di tutup padahal saya tidak melakukan kesalahan sedikitpun",saya sangat kecewa kenapa akun saya tibatiba di tutup padahal saya tidak melakukan kesalahan sedikitpun,"['saya', 'sangat', 'kecewa', 'kenapa', 'akun', 'saya', 'tibatiba', 'di', 'tutup', 'padahal', 'saya', 'tidak', 'melakukan', 'kesalahan', 'sedikitpun']","['kecewa', 'akun', 'tibatiba', 'tutup', 'kesalahan', 'sedikitpun']","['kecewa', 'akun', 'tibatiba', 'tutup', 'salah', 'sedikit']",kecewa akun tibatiba tutup salah sedikit
デイカ クスマ ワルダナDICHA KUSUMA WARDANA,"Aplikasi Bagus untuk freelancer ,Mohon Tambahkan fitur jadwal interview dengan client agar lebih bagus lagi",5,2024-02-05 03:33:29,4,positif,id,"aplikasi bagus untuk freelancer ,mohon tambahkan fitur jadwal interview dengan client agar lebih bagus lagi",aplikasi bagus untuk freelancer mohon tambahkan fitur jadwal interview dengan client agar lebih bagus lagi,"['aplikasi', 'bagus', 'untuk', 'freelancer', 'mohon', 'tambahkan', 'fitur', 'jadwal', 'interview', 'dengan', 'client', 'agar', 'lebih', 'bagus', 'lagi']","['aplikasi', 'bagus', 'freelancer', 'mohon', 'tambahkan', 'fitur', 'jadwal', 'interview', 'client', 'bagus']","['aplikasi', 'bagus', 'freelancer', 'mohon', 'tambah', 'fitur', 'jadwal', 'interview', 'client', 'bagus']",aplikasi bagus freelancer mohon tambah fitur jadwal interview client bagus
Ahmad Naufal Ibrahim,Its helpful,5,2024-02-03 02:11:28,0,positif,en,its helpful,its helpful,"['its', 'helpful']",['helpful'],['help'],help
Dimensi Karya Mandiri,Sangat bermanfaat,5,2024-01-30 14:48:54,0,positif,id,sangat bermanfaat,sangat bermanfaat,"['sangat', 'bermanfaat']",['bermanfaat'],['manfaat'],manfaat
Mamas Mutmainah,Di upwork banyak babget scam nya..pas wkatunya gajihan malah di suruh topup..apalagi yg loker writing,1,2024-01-22 13:44:26,0,negatif,id,di upwork banyak babget scam nya..pas wkatunya gajihan malah di suruh topup..apalagi yg loker writing,di upwork banyak babget scam nyapas wkatunya gajihan malah di suruh topupapalagi yg loker writing,"['di', 'upwork', 'banyak', 'babget', 'scam', 'nyapas', 'wkatunya', 'gajihan', 'malah', 'di', 'suruh', 'topupapalagi', 'yg', 'loker', 'writing']","['upwork', 'babget', 'scam', 'nyapas', 'wkatunya', 'gajihan', 'suruh', 'topupapalagi', 'yg', 'loker', 'writing']","['upwork', 'babget', 'scam', 'nyapas', 'wkatunya', 'gajih', 'suruh', 'topupapalagi', 'yg', 'loker', 'writing']",upwork babget scam nyapas wkatunya gajih suruh topupapalagi yg loker writing
Steven Lie,"Tidak ada pekerjaan yang jelas disini, banyak scam dan penipuan",1,2024-01-21 05:54:06,3,negatif,id,"tidak ada pekerjaan yang jelas disini, banyak scam dan penipuan",tidak ada pekerjaan yang jelas disini banyak scam dan penipuan,"['tidak', 'ada', 'pekerjaan', 'yang', 'jelas', 'disini', 'banyak', 'scam', 'dan', 'penipuan']","['pekerjaan', 'scam', 'penipuan']","['kerja', 'scam', 'tipu']",kerja scam tipu
Taufik Maulidin,This app was help me to get a job,5,2024-01-14 15:18:39,0,positif,en,this app was help me to get a job,this app was help me to get a job,"['this', 'app', 'was', 'help', 'me', 'to', 'get', 'a', 'job']","['app', 'help', 'get', 'job']","['app', 'help', 'get', 'job']",app help get job
Ilham Hidayat,"Tolong di tingkatkan security nya banyak sekali scaming penipuan, cape kerja di tipu",3,2024-01-12 15:26:05,15,netral,id,"tolong di tingkatkan security nya banyak sekali scaming penipuan, cape kerja di tipu",tolong di tingkatkan security nya banyak sekali scaming penipuan cape kerja di tipu,"['tolong', 'di', 'tingkatkan', 'security', 'nya', 'banyak', 'sekali', 'scaming', 'penipuan', 'cape', 'kerja', 'di', 'tipu']","['tolong', 'tingkatkan', 'security', 'nya', 'scaming', 'penipuan', 'cape', 'kerja', 'tipu']","['tolong', 'tingkat', 'security', 'nya', 'scaming', 'tipu', 'cape', 'kerja', 'tipu']",tolong tingkat security nya scaming tipu cape kerja tipu
denny_ munthe,Good project offer,5,2024-01-07 07:25:16,0,positif,en,good project offer,good project offer,"['good', 'project', 'offer']","['good', 'project', 'offer']","['good', 'project', 'offer']",good project offer
Iqbal,Aplikasi yang bagus untuk memulai bisnis atau karir,5,2024-01-03 22:21:52,0,positif,id,aplikasi yang bagus untuk memulai bisnis atau karir,aplikasi yang bagus untuk memulai bisnis atau karir,"['aplikasi', 'yang', 'bagus', 'untuk', 'memulai', 'bisnis', 'atau', 'karir']","['aplikasi', 'bagus', 'bisnis', 'karir']","['aplikasi', 'bagus', 'bisnis', 'karir']",aplikasi bagus bisnis karir
Purw Adi P,"The menu and function on this app isn't responsive. Lag. Improve again. Icon,menu. Make Payment verified so hard step.",5,2024-01-02 06:35:51,0,positif,en,"the menu and function on this app isn't responsive. lag. improve again. icon,menu. make payment verified so hard step.",the menu and function on this app isnt responsive lag improve again iconmenu make payment verified so hard step,"['the', 'menu', 'and', 'function', 'on', 'this', 'app', 'isnt', 'responsive', 'lag', 'improve', 'again', 'iconmenu', 'make', 'payment', 'verified', 'so', 'hard', 'step']","['menu', 'function', 'app', 'isnt', 'responsive', 'lag', 'improve', 'iconmenu', 'make', 'payment', 'verified', 'hard', 'step']","['menu', 'function', 'app', 'isnt', 'respons', 'lag', 'improv', 'iconmenu', 'make', 'payment', 'verifi', 'hard', 'step']",menu function app isnt respons lag improv iconmenu make payment verifi hard step
Destania Melina Putri,Cocok buat yg mau cari pengalaman kerja,5,2023-12-30 17:02:35,0,positif,id,cocok buat yg mau cari pengalaman kerja,cocok buat yg mau cari pengalaman kerja,"['cocok', 'buat', 'yg', 'mau', 'cari', 'pengalaman', 'kerja']","['cocok', 'yg', 'cari', 'pengalaman', 'kerja']","['cocok', 'yg', 'cari', 'alam', 'kerja']",cocok yg cari alam kerja
Risky Ways,It works like a charm,4,2023-12-29 07:31:51,0,positif,en,it works like a charm,it works like a charm,"['it', 'works', 'like', 'a', 'charm']","['works', 'like', 'charm']","['work', 'like', 'charm']",work like charm
shelly maryani,"Kebanyakan bahasa inggris, untuk pendidikan min Smk/Sma kalo bahasa inggris masih basic bakal kurang faham sm sistem kerjanya. Liet review disini banyak yg bagus, kyanya cuma bayaran aja dech. saya mutusin untuk uninstall aplikasi ini. Terimakasih atas pengalamannya.",1,2023-12-29 02:33:04,54,negatif,id,"kebanyakan bahasa inggris, untuk pendidikan min smk/sma kalo bahasa inggris masih basic bakal kurang faham sm sistem kerjanya. liet review disini banyak yg bagus, kyanya cuma bayaran aja dech. saya mutusin untuk uninstall aplikasi ini. terimakasih atas pengalamannya.",kebanyakan bahasa inggris untuk pendidikan min smksma kalo bahasa inggris masih basic bakal kurang faham sm sistem kerjanya liet review disini banyak yg bagus kyanya cuma bayaran aja dech saya mutusin untuk uninstall aplikasi ini terimakasih atas pengalamannya,"['kebanyakan', 'bahasa', 'inggris', 'untuk', 'pendidikan', 'min', 'smksma', 'kalo', 'bahasa', 'inggris', 'masih', 'basic', 'bakal', 'kurang', 'faham', 'sm', 'sistem', 'kerjanya', 'liet', 'review', 'disini', 'banyak', 'yg', 'bagus', 'kyanya', 'cuma', 'bayaran', 'aja', 'dech', 'saya', 'mutusin', 'untuk', 'uninstall', 'aplikasi', 'ini', 'terimakasih', 'atas', 'pengalamannya']","['kebanyakan', 'bahasa', 'inggris', 'pendidikan', 'min', 'smksma', 'kalo', 'bahasa', 'inggris', 'basic', 'faham', 'sm', 'sistem', 'kerjanya', 'liet', 'review', 'yg', 'bagus', 'kyanya', 'bayaran', 'aja', 'dech', 'mutusin', 'uninstall', 'aplikasi', 'terimakasih', 'pengalamannya']","['banyak', 'bahasa', 'inggris', 'didik', 'min', 'smksma', 'kalo', 'bahasa', 'inggris', 'basic', 'faham', 'sm', 'sistem', 'kerja', 'liet', 'review', 'yg', 'bagus', 'kyanya', 'bayar', 'aja', 'dech', 'mutusin', 'uninstall', 'aplikasi', 'terimakasih', 'alam']",banyak bahasa inggris didik min smksma kalo bahasa inggris basic faham sm sistem kerja liet review yg bagus kyanya bayar aja dech mutusin uninstall aplikasi terimakasih alam
Gusti Erwan,"Keren si, tp td dpt costumer dia pengen minta deposit buat kelarin administrasi katanya, dan biayanya 1,5 juta, yah dahal payment gw dpt 15 jt, tinggal potong aja tp dianya ttp kekeh. Terus dicabut jobnya, dahal dah kelar. Tolong bantuannya min",5,2023-12-24 08:51:17,36,positif,id,"keren si, tp td dpt costumer dia pengen minta deposit buat kelarin administrasi katanya, dan biayanya 1,5 juta, yah dahal payment gw dpt 15 jt, tinggal potong aja tp dianya ttp kekeh. terus dicabut jobnya, dahal dah kelar. tolong bantuannya min",keren si tp td dpt costumer dia pengen minta deposit buat kelarin administrasi katanya dan biayanya  juta yah dahal payment gw dpt  jt tinggal potong aja tp dianya ttp kekeh terus dicabut jobnya dahal dah kelar tolong bantuannya min,"['keren', 'si', 'tp', 'td', 'dpt', 'costumer', 'dia', 'pengen', 'minta', 'deposit', 'buat', 'kelarin', 'administrasi', 'katanya', 'dan', 'biayanya', 'juta', 'yah', 'dahal', 'payment', 'gw', 'dpt', 'jt', 'tinggal', 'potong', 'aja', 'tp', 'dianya', 'ttp', 'kekeh', 'terus', 'dicabut', 'jobnya', 'dahal', 'dah', 'kelar', 'tolong', 'bantuannya', 'min']","['keren', 'si', 'tp', 'td', 'dpt', 'costumer', 'pengen', 'deposit', 'kelarin', 'administrasi', 'biayanya', 'juta', 'yah', 'dahal', 'payment', 'gw', 'dpt', 'jt', 'tinggal', 'potong', 'aja', 'tp', 'dianya', 'ttp', 'kekeh', 'dicabut', 'jobnya', 'dahal', 'dah', 'kelar', 'tolong', 'bantuannya', 'min']","['keren', 'si', 'tp', 'td', 'dpt', 'costumer', 'ken', 'deposit', 'kelarin', 'administrasi', 'biaya', 'juta', 'yah', 'dahal', 'payment', 'gw', 'dpt', 'jt', 'tinggal', 'potong', 'aja', 'tp', 'dia', 'ttp', 'kekeh', 'cabut', 'jobnya', 'dahal', 'dah', 'kelar', 'tolong', 'bantu', 'min']",keren si tp td dpt costumer ken deposit kelarin administrasi biaya juta yah dahal payment gw dpt jt tinggal potong aja tp dia ttp kekeh cabut jobnya dahal dah kelar tolong bantu min
Hudantup 22,"Aplikasi yang sangat bagus, cuma tidak ada setingan bahasa Indonesia. Jadi agak sulit menerjemahkan bagi kami yang masih dasar dalam bahasa inggris.",4,2023-12-24 06:04:45,165,positif,id,"aplikasi yang sangat bagus, cuma tidak ada setingan bahasa indonesia. jadi agak sulit menerjemahkan bagi kami yang masih dasar dalam bahasa inggris.",aplikasi yang sangat bagus cuma tidak ada setingan bahasa indonesia jadi agak sulit menerjemahkan bagi kami yang masih dasar dalam bahasa inggris,"['aplikasi', 'yang', 'sangat', 'bagus', 'cuma', 'tidak', 'ada', 'setingan', 'bahasa', 'indonesia', 'jadi', 'agak', 'sulit', 'menerjemahkan', 'bagi', 'kami', 'yang', 'masih', 'dasar', 'dalam', 'bahasa', 'inggris']","['aplikasi', 'bagus', 'setingan', 'bahasa', 'indonesia', 'sulit', 'menerjemahkan', 'dasar', 'bahasa', 'inggris']","['aplikasi', 'bagus', 'ting', 'bahasa', 'indonesia', 'sulit', 'terjemah', 'dasar', 'bahasa', 'inggris']",aplikasi bagus ting bahasa indonesia sulit terjemah dasar bahasa inggris
Rudy Setiawan,profesional projek for iamngebtracing boat vector,5,2023-12-22 15:49:20,0,positif,en,profesional projek for iamngebtracing boat vector,profesional projek for iamngebtracing boat vector,"['profesional', 'projek', 'for', 'iamngebtracing', 'boat', 'vector']","['profesional', 'projek', 'iamngebtracing', 'boat', 'vector']","['profesion', 'projek', 'iamngebtrac', 'boat', 'vector']",profesion projek iamngebtrac boat vector
Hana Fitriyanah,Bagaimana cara mengubah dari bahasa inggris ke bahasa indonesia?,4,2023-12-20 13:11:58,2,positif,id,bagaimana cara mengubah dari bahasa inggris ke bahasa indonesia?,bagaimana cara mengubah dari bahasa inggris ke bahasa indonesia,"['bagaimana', 'cara', 'mengubah', 'dari', 'bahasa', 'inggris', 'ke', 'bahasa', 'indonesia']","['mengubah', 'bahasa', 'inggris', 'bahasa', 'indonesia']","['ubah', 'bahasa', 'inggris', 'bahasa', 'indonesia']",ubah bahasa inggris bahasa indonesia
yessy fransiska,Karena sy BLM dapet job ksh bintang 3 aja,3,2023-12-20 05:31:14,0,netral,id,karena sy blm dapet job ksh bintang 3 aja,karena sy blm dapet job ksh bintang  aja,"['karena', 'sy', 'blm', 'dapet', 'job', 'ksh', 'bintang', 'aja']","['sy', 'blm', 'dapet', 'job', 'ksh', 'bintang', 'aja']","['sy', 'blm', 'dapet', 'job', 'ksh', 'bintang', 'aja']",sy blm dapet job ksh bintang aja
TRI AGUNG SUSILO,Good app,5,2023-12-15 02:00:05,0,positif,en,good app,good app,"['good', 'app']","['good', 'app']","['good', 'app']",good app
anton perdana,Great aplication,5,2023-12-09 02:48:25,0,positif,en,great aplication,great aplication,"['great', 'aplication']","['great', 'aplication']","['great', 'aplic']",great aplic
Azi Taufik,Very good aplication,5,2023-12-05 04:16:12,0,positif,en,very good aplication,very good aplication,"['very', 'good', 'aplication']","['good', 'aplication']","['good', 'aplic']",good aplic
manda rahmayanti,Kalau tulisannya this job no longer available itu kenapa ya padahal baru di up 2 jam yang lalu?,3,2023-12-04 04:07:51,13,netral,id,kalau tulisannya this job no longer available itu kenapa ya padahal baru di up 2 jam yang lalu?,kalau tulisannya this job no longer available itu kenapa ya padahal baru di up  jam yang lalu,"['kalau', 'tulisannya', 'this', 'job', 'no', 'longer', 'available', 'itu', 'kenapa', 'ya', 'padahal', 'baru', 'di', 'up', 'jam', 'yang', 'lalu']","['tulisannya', 'this', 'job', 'no', 'longer', 'available', 'ya', 'up', 'jam']","['tulis', 'this', 'job', 'no', 'longer', 'available', 'ya', 'up', 'jam']",tulis this job no longer available ya up jam
Muhammad Mustajib,"dear developer, can i get notification on my upwork app. because it is very important",5,2023-12-04 00:11:07,0,positif,en,"dear developer, can i get notification on my upwork app. because it is very important",dear developer can i get notification on my upwork app because it is very important,"['dear', 'developer', 'can', 'i', 'get', 'notification', 'on', 'my', 'upwork', 'app', 'because', 'it', 'is', 'very', 'important']","['dear', 'developer', 'get', 'notification', 'upwork', 'app', 'important']","['dear', 'develop', 'get', 'notif', 'upwork', 'app', 'import']",dear develop get notif upwork app import
MUHAMMAD RIZKY ISNANTO,Udah pindah dari fiverr,5,2023-12-02 22:23:24,0,positif,id,udah pindah dari fiverr,udah pindah dari fiverr,"['udah', 'pindah', 'dari', 'fiverr']","['udah', 'pindah', 'fiverr']","['udah', 'pindah', 'fiverr']",udah pindah fiverr
Lia Mulia Ningsih,"Banyak lowongan nya, tapi saya min di b Inggris dan baru pemula jadi belum ada yang menerima job saya",4,2023-12-02 09:05:24,15,positif,id,"banyak lowongan nya, tapi saya min di b inggris dan baru pemula jadi belum ada yang menerima job saya",banyak lowongan nya tapi saya min di b inggris dan baru pemula jadi belum ada yang menerima job saya,"['banyak', 'lowongan', 'nya', 'tapi', 'saya', 'min', 'di', 'b', 'inggris', 'dan', 'baru', 'pemula', 'jadi', 'belum', 'ada', 'yang', 'menerima', 'job', 'saya']","['lowongan', 'nya', 'min', 'b', 'inggris', 'pemula', 'menerima', 'job']","['lowong', 'nya', 'min', 'b', 'inggris', 'mula', 'terima', 'job']",lowong nya min b inggris mula terima job
Masri E Bidin,its very grateful,5,2023-12-02 08:40:54,0,positif,en,its very grateful,its very grateful,"['its', 'very', 'grateful']",['grateful'],['grate'],grate
Bonjov Acha,Kenapa akun saya di tangguhkan pada hal saya belum ngapa ngapain.. Hmmm,1,2023-12-01 14:32:40,1,negatif,id,kenapa akun saya di tangguhkan pada hal saya belum ngapa ngapain.. hmmm,kenapa akun saya di tangguhkan pada hal saya belum ngapa ngapain hmmm,"['kenapa', 'akun', 'saya', 'di', 'tangguhkan', 'pada', 'hal', 'saya', 'belum', 'ngapa', 'ngapain', 'hmmm']","['akun', 'tangguhkan', 'ngapa', 'ngapain', 'hmmm']","['akun', 'tangguh', 'ngapa', 'ngapain', 'hmmm']",akun tangguh ngapa ngapain hmmm
anny yuanita,Please give a guide to got job for new freelancer,3,2023-12-01 06:52:07,0,netral,en,please give a guide to got job for new freelancer,please give a guide to got job for new freelancer,"['please', 'give', 'a', 'guide', 'to', 'got', 'job', 'for', 'new', 'freelancer']","['please', 'give', 'guide', 'got', 'job', 'new', 'freelancer']","['pleas', 'give', 'guid', 'got', 'job', 'new', 'freelanc']",pleas give guid got job new freelanc
Wuri Marsela,Gabisa upload CV kenapa yaa,3,2023-11-30 17:22:41,1,netral,id,gabisa upload cv kenapa yaa,gabisa upload cv kenapa yaa,"['gabisa', 'upload', 'cv', 'kenapa', 'yaa']","['gabisa', 'upload', 'cv', 'yaa']","['gabisa', 'upload', 'cv', 'yaa']",gabisa upload cv yaa
Dimas Eriko Prasetyo 12,Aplikasi terlalu rumit untuk pengguna baru.,1,2023-11-29 09:32:37,0,negatif,id,aplikasi terlalu rumit untuk pengguna baru.,aplikasi terlalu rumit untuk pengguna baru,"['aplikasi', 'terlalu', 'rumit', 'untuk', 'pengguna', 'baru']","['aplikasi', 'rumit', 'pengguna']","['aplikasi', 'rumit', 'guna']",aplikasi rumit guna
Diana Malau,The best plattform to get a good job,5,2023-11-28 02:13:28,0,positif,en,the best plattform to get a good job,the best plattform to get a good job,"['the', 'best', 'plattform', 'to', 'get', 'a', 'good', 'job']","['best', 'plattform', 'get', 'good', 'job']","['best', 'plattform', 'get', 'good', 'job']",best plattform get good job
IcanDAO,belum juga dapet job sampe sekarang,4,2023-11-25 02:56:25,0,positif,id,belum juga dapet job sampe sekarang,belum juga dapet job sampe sekarang,"['belum', 'juga', 'dapet', 'job', 'sampe', 'sekarang']","['dapet', 'job', 'sampe']","['dapet', 'job', 'sampe']",dapet job sampe
Tekno Konten,Senang bisa nemu aplikasi job bule yang mantappp,5,2023-11-19 10:15:15,0,positif,id,senang bisa nemu aplikasi job bule yang mantappp,senang bisa nemu aplikasi job bule yang mantappp,"['senang', 'bisa', 'nemu', 'aplikasi', 'job', 'bule', 'yang', 'mantappp']","['senang', 'nemu', 'aplikasi', 'job', 'bule', 'mantappp']","['senang', 'nemu', 'aplikasi', 'job', 'bule', 'mantappp']",senang nemu aplikasi job bule mantappp
Linawati Leksmana,Aplikasi yang bagus untuk freelancer,5,2023-11-18 00:19:58,2,positif,id,aplikasi yang bagus untuk freelancer,aplikasi yang bagus untuk freelancer,"['aplikasi', 'yang', 'bagus', 'untuk', 'freelancer']","['aplikasi', 'bagus', 'freelancer']","['aplikasi', 'bagus', 'freelancer']",aplikasi bagus freelancer
Nanik Sofiatun,Aplikasinya bagus,5,2023-11-13 13:14:31,0,positif,id,aplikasinya bagus,aplikasinya bagus,"['aplikasinya', 'bagus']","['aplikasinya', 'bagus']","['aplikasi', 'bagus']",aplikasi bagus
igum guitara,Nice app for help people to get a job,5,2023-11-12 09:43:50,0,positif,en,nice app for help people to get a job,nice app for help people to get a job,"['nice', 'app', 'for', 'help', 'people', 'to', 'get', 'a', 'job']","['nice', 'app', 'help', 'people', 'get', 'job']","['nice', 'app', 'help', 'peopl', 'get', 'job']",nice app help peopl get job
awal levine,"Aplikasi nggak bisa dibuka, apa karena hp saya android? Kalo udah ada jawaban & bisa saya akses nanti ratting nya saya perbaiki min 🙏",1,2023-11-11 00:17:21,7,negatif,id,"aplikasi nggak bisa dibuka, apa karena hp saya android? kalo udah ada jawaban & bisa saya akses nanti ratting nya saya perbaiki min 🙏",aplikasi nggak bisa dibuka apa karena hp saya android kalo udah ada jawaban  bisa saya akses nanti ratting nya saya perbaiki min,"['aplikasi', 'nggak', 'bisa', 'dibuka', 'apa', 'karena', 'hp', 'saya', 'android', 'kalo', 'udah', 'ada', 'jawaban', 'bisa', 'saya', 'akses', 'nanti', 'ratting', 'nya', 'saya', 'perbaiki', 'min']","['aplikasi', 'nggak', 'dibuka', 'hp', 'android', 'kalo', 'udah', 'akses', 'ratting', 'nya', 'perbaiki', 'min']","['aplikasi', 'nggak', 'buka', 'hp', 'android', 'kalo', 'udah', 'akses', 'ratting', 'nya', 'baik', 'min']",aplikasi nggak buka hp android kalo udah akses ratting nya baik min
cynthia fortunella,Tidak bisa buka aplikasiny dr hp android,1,2023-11-08 14:42:27,3,negatif,id,tidak bisa buka aplikasiny dr hp android,tidak bisa buka aplikasiny dr hp android,"['tidak', 'bisa', 'buka', 'aplikasiny', 'dr', 'hp', 'android']","['buka', 'aplikasiny', 'dr', 'hp', 'android']","['buka', 'aplikasiny', 'dr', 'hp', 'android']",buka aplikasiny dr hp android
Yogi Perdana Putra,Ngeleg parah,1,2023-11-02 07:58:48,0,negatif,id,ngeleg parah,ngeleg parah,"['ngeleg', 'parah']","['ngeleg', 'parah']","['ngeleg', 'parah']",ngeleg parah
Rian Partirawa,Easy to use..,4,2023-11-02 03:11:26,0,positif,en,easy to use..,easy to use,"['easy', 'to', 'use']","['easy', 'use']","['easi', 'use']",easi use
Maulana Rama,Sangat recomended,5,2023-11-01 10:20:07,0,positif,en,sangat recomended,sangat recomended,"['sangat', 'recomended']","['sangat', 'recomended']","['sangat', 'recomend']",sangat recomend
muchlas playstore,Great app,5,2023-10-28 13:50:24,0,positif,en,great app,great app,"['great', 'app']","['great', 'app']","['great', 'app']",great app
Nurliana,Daftarnya susah banget,1,2023-10-27 18:46:31,2,negatif,id,daftarnya susah banget,daftarnya susah banget,"['daftarnya', 'susah', 'banget']","['daftarnya', 'susah', 'banget']","['daftar', 'susah', 'banget']",daftar susah banget
Novi Novi Aulia Anjani,"Hati hati buat pengguna up work, tidak semua pemberi kerja itu aktif, ada juga yang di arahkan ke telegram, dan itu penipuan, saya sudah mengalaminya, pekerjaan sudah selesai ujungnya saya malah harus kirim uang bukan dibayar. Hati² dalam memilihnya, saran saya: Lihat Verifikasi pembayaran, Nilai Spent nya, jumlah proposal dan review client. Semoga menjadi hikmah bersama",5,2023-10-25 13:20:56,209,positif,id,"hati hati buat pengguna up work, tidak semua pemberi kerja itu aktif, ada juga yang di arahkan ke telegram, dan itu penipuan, saya sudah mengalaminya, pekerjaan sudah selesai ujungnya saya malah harus kirim uang bukan dibayar. hati² dalam memilihnya, saran saya: lihat verifikasi pembayaran, nilai spent nya, jumlah proposal dan review client. semoga menjadi hikmah bersama",hati hati buat pengguna up work tidak semua pemberi kerja itu aktif ada juga yang di arahkan ke telegram dan itu penipuan saya sudah mengalaminya pekerjaan sudah selesai ujungnya saya malah harus kirim uang bukan dibayar hati² dalam memilihnya saran saya lihat verifikasi pembayaran nilai spent nya jumlah proposal dan review client semoga menjadi hikmah bersama,"['hati', 'hati', 'buat', 'pengguna', 'up', 'work', 'tidak', 'semua', 'pemberi', 'kerja', 'itu', 'aktif', 'ada', 'juga', 'yang', 'di', 'arahkan', 'ke', 'telegram', 'dan', 'itu', 'penipuan', 'saya', 'sudah', 'mengalaminya', 'pekerjaan', 'sudah', 'selesai', 'ujungnya', 'saya', 'malah', 'harus', 'kirim', 'uang', 'bukan', 'dibayar', 'hati²', 'dalam', 'memilihnya', 'saran', 'saya', 'lihat', 'verifikasi', 'pembayaran', 'nilai', 'spent', 'nya', 'jumlah', 'proposal', 'dan', 'review', 'client', 'semoga', 'menjadi', 'hikmah', 'bersama']","['hati', 'hati', 'pengguna', 'up', 'work', 'pemberi', 'kerja', 'aktif', 'arahkan', 'telegram', 'penipuan', 'mengalaminya', 'pekerjaan', 'selesai', 'ujungnya', 'kirim', 'uang', 'dibayar', 'hati²', 'memilihnya', 'saran', 'lihat', 'verifikasi', 'pembayaran', 'nilai', 'spent', 'nya', 'proposal', 'review', 'client', 'semoga', 'hikmah']","['hati', 'hati', 'guna', 'up', 'work', 'beri', 'kerja', 'aktif', 'arah', 'telegram', 'tipu', 'alam', 'kerja', 'selesai', 'ujung', 'kirim', 'uang', 'bayar', 'hati', 'pilih', 'saran', 'lihat', 'verifikasi', 'bayar', 'nilai', 'spent', 'nya', 'proposal', 'review', 'client', 'moga', 'hikmah']",hati hati guna up work beri kerja aktif arah telegram tipu alam kerja selesai ujung kirim uang bayar hati pilih saran lihat verifikasi bayar nilai spent nya proposal review client moga hikmah
Joko Ridwan,Great apps,5,2023-10-23 04:33:19,0,positif,en,great apps,great apps,"['great', 'apps']","['great', 'apps']","['great', 'app']",great app
Roy Hulu,"You have to buy a 'connect' to apply for work, it's very expensive",1,2023-10-21 14:50:00,0,negatif,en,"you have to buy a 'connect' to apply for work, it's very expensive",you have to buy a connect to apply for work its very expensive,"['you', 'have', 'to', 'buy', 'a', 'connect', 'to', 'apply', 'for', 'work', 'its', 'very', 'expensive']","['buy', 'connect', 'apply', 'work', 'expensive']","['buy', 'connect', 'appli', 'work', 'expens']",buy connect appli work expens
ikankoi,"oke, rate 4 dulu. nanti kalau bersih dari penipuan baru rate 5",4,2023-10-20 00:15:43,3,positif,id,"oke, rate 4 dulu. nanti kalau bersih dari penipuan baru rate 5",oke rate  dulu nanti kalau bersih dari penipuan baru rate,"['oke', 'rate', 'dulu', 'nanti', 'kalau', 'bersih', 'dari', 'penipuan', 'baru', 'rate']","['oke', 'rate', 'bersih', 'penipuan', 'rate']","['oke', 'rate', 'bersih', 'tipu', 'rate']",oke rate bersih tipu rate
sJimm,Ribwt di penarikanya bintang 1,1,2023-10-17 23:03:22,0,negatif,id,ribwt di penarikanya bintang 1,ribwt di penarikanya bintang,"['ribwt', 'di', 'penarikanya', 'bintang']","['ribwt', 'penarikanya', 'bintang']","['ribwt', 'penarikanya', 'bintang']",ribwt penarikanya bintang
zz,Time localnya ga akurat,1,2023-10-12 03:05:37,1,negatif,id,time localnya ga akurat,time localnya ga akurat,"['time', 'localnya', 'ga', 'akurat']","['time', 'localnya', 'ga', 'akurat']","['time', 'localnya', 'ga', 'akurat']",time localnya ga akurat
Emir Acar,"Highly not recommended, there are lots of scammers in it. I've been cheated twice. And the Upwork team is not helpful at all. Never take translation jobs if they are from ""klett services"" they are scammers.",1,2023-09-30 11:54:37,0,negatif,en,"highly not recommended, there are lots of scammers in it. i've been cheated twice. and the upwork team is not helpful at all. never take translation jobs if they are from ""klett services"" they are scammers.",highly not recommended there are lots of scammers in it ive been cheated twice and the upwork team is not helpful at all never take translation jobs if they are from klett services they are scammers,"['highly', 'not', 'recommended', 'there', 'are', 'lots', 'of', 'scammers', 'in', 'it', 'ive', 'been', 'cheated', 'twice', 'and', 'the', 'upwork', 'team', 'is', 'not', 'helpful', 'at', 'all', 'never', 'take', 'translation', 'jobs', 'if', 'they', 'are', 'from', 'klett', 'services', 'they', 'are', 'scammers']","['highly', 'recommended', 'lots', 'scammers', 'ive', 'cheated', 'twice', 'upwork', 'team', 'helpful', 'never', 'take', 'translation', 'jobs', 'klett', 'services', 'scammers']","['highli', 'recommend', 'lot', 'scammer', 'ive', 'cheat', 'twice', 'upwork', 'team', 'help', 'never', 'take', 'translat', 'job', 'klett', 'servic', 'scammer']",highli recommend lot scammer ive cheat twice upwork team help never take translat job klett servic scammer
Lucky Satria,Harus membayar jika ining melamar,4,2023-09-19 07:56:59,0,positif,id,harus membayar jika ining melamar,harus membayar jika ining melamar,"['harus', 'membayar', 'jika', 'ining', 'melamar']","['membayar', 'ining', 'melamar']","['bayar', 'ining', 'lamar']",bayar ining lamar
Dongeng Kak fai,Mantab,5,2023-09-17 12:10:39,0,positif,id,mantab,mantab,['mantab'],['mantab'],['mantab'],mantab
Agus Suga,Good application for freelancer,5,2023-09-17 05:12:30,0,positif,en,good application for freelancer,good application for freelancer,"['good', 'application', 'for', 'freelancer']","['good', 'application', 'freelancer']","['good', 'applic', 'freelanc']",good applic freelanc
Elvin Julvian,Bayaran nya kok dipending lama bgt dah mau seminggu,3,2023-08-31 02:14:42,4,netral,id,bayaran nya kok dipending lama bgt dah mau seminggu,bayaran nya kok dipending lama bgt dah mau seminggu,"['bayaran', 'nya', 'kok', 'dipending', 'lama', 'bgt', 'dah', 'mau', 'seminggu']","['bayaran', 'nya', 'dipending', 'bgt', 'dah', 'seminggu']","['bayar', 'nya', 'pending', 'bgt', 'dah', 'minggu']",bayar nya pending bgt dah minggu
Syahrumi Andi baso,Upwork for freelancer is the best app,5,2023-08-29 22:27:58,0,positif,en,upwork for freelancer is the best app,upwork for freelancer is the best app,"['upwork', 'for', 'freelancer', 'is', 'the', 'best', 'app']","['upwork', 'freelancer', 'best', 'app']","['upwork', 'freelanc', 'best', 'app']",upwork freelanc best app
Dwi F Mulyanto,yuk pecah telur,5,2023-08-29 14:42:28,0,positif,id,yuk pecah telur,yuk pecah telur,"['yuk', 'pecah', 'telur']","['yuk', 'pecah', 'telur']","['yuk', 'pecah', 'telur']",yuk pecah telur
faudzy gaming store,"Ngakak bet liat yg ke scam, lu bego apa gimana? Kan udah ada aplikasi, kalau di ajak keluar aplikasi ya jangan mau lah. Aplikasi sudah memberikan keaman kok malah ambil jalur sendiri udah gitu nyalahin aplikasi spam bintang 1",5,2023-08-23 22:11:28,46,positif,id,"ngakak bet liat yg ke scam, lu bego apa gimana? kan udah ada aplikasi, kalau di ajak keluar aplikasi ya jangan mau lah. aplikasi sudah memberikan keaman kok malah ambil jalur sendiri udah gitu nyalahin aplikasi spam bintang 1",ngakak bet liat yg ke scam lu bego apa gimana kan udah ada aplikasi kalau di ajak keluar aplikasi ya jangan mau lah aplikasi sudah memberikan keaman kok malah ambil jalur sendiri udah gitu nyalahin aplikasi spam bintang,"['ngakak', 'bet', 'liat', 'yg', 'ke', 'scam', 'lu', 'bego', 'apa', 'gimana', 'kan', 'udah', 'ada', 'aplikasi', 'kalau', 'di', 'ajak', 'keluar', 'aplikasi', 'ya', 'jangan', 'mau', 'lah', 'aplikasi', 'sudah', 'memberikan', 'keaman', 'kok', 'malah', 'ambil', 'jalur', 'sendiri', 'udah', 'gitu', 'nyalahin', 'aplikasi', 'spam', 'bintang']","['ngakak', 'bet', 'liat', 'yg', 'scam', 'lu', 'bego', 'gimana', 'udah', 'aplikasi', 'ajak', 'aplikasi', 'ya', 'aplikasi', 'keaman', 'ambil', 'jalur', 'udah', 'gitu', 'nyalahin', 'aplikasi', 'spam', 'bintang']","['ngakak', 'bet', 'liat', 'yg', 'scam', 'lu', 'bego', 'gimana', 'udah', 'aplikasi', 'ajak', 'aplikasi', 'ya', 'aplikasi', 'aman', 'ambil', 'jalur', 'udah', 'gitu', 'nyalahin', 'aplikasi', 'spam', 'bintang']",ngakak bet liat yg scam lu bego gimana udah aplikasi ajak aplikasi ya aplikasi aman ambil jalur udah gitu nyalahin aplikasi spam bintang
Anas Bukhori,"Please remove the system of using connects, only apply the profit sharing system for completed jobs. because there are too many scam jobs. the seller loses money and doesn't get a job. not worth it for people need a job.",3,2023-08-22 17:22:42,2,netral,en,"please remove the system of using connects, only apply the profit sharing system for completed jobs. because there are too many scam jobs. the seller loses money and doesn't get a job. not worth it for people need a job.",please remove the system of using connects only apply the profit sharing system for completed jobs because there are too many scam jobs the seller loses money and doesnt get a job not worth it for people need a job,"['please', 'remove', 'the', 'system', 'of', 'using', 'connects', 'only', 'apply', 'the', 'profit', 'sharing', 'system', 'for', 'completed', 'jobs', 'because', 'there', 'are', 'too', 'many', 'scam', 'jobs', 'the', 'seller', 'loses', 'money', 'and', 'doesnt', 'get', 'a', 'job', 'not', 'worth', 'it', 'for', 'people', 'need', 'a', 'job']","['please', 'remove', 'system', 'using', 'connects', 'apply', 'profit', 'sharing', 'system', 'completed', 'jobs', 'many', 'scam', 'jobs', 'seller', 'loses', 'money', 'doesnt', 'get', 'job', 'worth', 'people', 'need', 'job']","['pleas', 'remov', 'system', 'use', 'connect', 'appli', 'profit', 'share', 'system', 'complet', 'job', 'mani', 'scam', 'job', 'seller', 'lose', 'money', 'doesnt', 'get', 'job', 'worth', 'peopl', 'need', 'job']",pleas remov system use connect appli profit share system complet job mani scam job seller lose money doesnt get job worth peopl need job
Andri Andriana,Good app for freelancer and client.,5,2023-08-22 09:40:36,0,positif,en,good app for freelancer and client.,good app for freelancer and client,"['good', 'app', 'for', 'freelancer', 'and', 'client']","['good', 'app', 'freelancer', 'client']","['good', 'app', 'freelanc', 'client']",good app freelanc client
Banu Nurrohman,Nice aplication,5,2023-08-18 05:17:41,0,positif,en,nice aplication,nice aplication,"['nice', 'aplication']","['nice', 'aplication']","['nice', 'aplic']",nice aplic
Barto Damanik,Coba dulu kalau dapat order dan dapat uang baru kasih full,1,2023-08-15 01:43:53,0,negatif,id,coba dulu kalau dapat order dan dapat uang baru kasih full,coba dulu kalau dapat order dan dapat uang baru kasih full,"['coba', 'dulu', 'kalau', 'dapat', 'order', 'dan', 'dapat', 'uang', 'baru', 'kasih', 'full']","['coba', 'order', 'uang', 'kasih', 'full']","['coba', 'order', 'uang', 'kasih', 'full']",coba order uang kasih full
Didit Khalif,"Apps bagus, cocok untuk yg ingin tambahan penghasilan. Pemicu kita untuk tingkatkan skill kita dan bersaing dengan freelancer lain",5,2023-08-06 10:56:14,11,positif,id,"apps bagus, cocok untuk yg ingin tambahan penghasilan. pemicu kita untuk tingkatkan skill kita dan bersaing dengan freelancer lain",apps bagus cocok untuk yg ingin tambahan penghasilan pemicu kita untuk tingkatkan skill kita dan bersaing dengan freelancer lain,"['apps', 'bagus', 'cocok', 'untuk', 'yg', 'ingin', 'tambahan', 'penghasilan', 'pemicu', 'kita', 'untuk', 'tingkatkan', 'skill', 'kita', 'dan', 'bersaing', 'dengan', 'freelancer', 'lain']","['apps', 'bagus', 'cocok', 'yg', 'tambahan', 'penghasilan', 'pemicu', 'tingkatkan', 'skill', 'bersaing', 'freelancer']","['apps', 'bagus', 'cocok', 'yg', 'tambah', 'hasil', 'picu', 'tingkat', 'skill', 'saing', 'freelancer']",apps bagus cocok yg tambah hasil picu tingkat skill saing freelancer
Fitriani Buhaerah,"Kerja di sini emang worth it tapi harus HATI-HATI!!! BANYAK SCAMMERSNYA intinya kalo kerja, jangan mau disuruh deposit atau kirim data pribadi. Terus kalau dialihkan ke tele tanpa ada kontrak jangan kerjakan projeknya. Itu PENIPUAN!",4,2023-07-30 22:02:36,21,positif,id,"kerja di sini emang worth it tapi harus hati-hati!!! banyak scammersnya intinya kalo kerja, jangan mau disuruh deposit atau kirim data pribadi. terus kalau dialihkan ke tele tanpa ada kontrak jangan kerjakan projeknya. itu penipuan!",kerja di sini emang worth it tapi harus hatihati banyak scammersnya intinya kalo kerja jangan mau disuruh deposit atau kirim data pribadi terus kalau dialihkan ke tele tanpa ada kontrak jangan kerjakan projeknya itu penipuan,"['kerja', 'di', 'sini', 'emang', 'worth', 'it', 'tapi', 'harus', 'hatihati', 'banyak', 'scammersnya', 'intinya', 'kalo', 'kerja', 'jangan', 'mau', 'disuruh', 'deposit', 'atau', 'kirim', 'data', 'pribadi', 'terus', 'kalau', 'dialihkan', 'ke', 'tele', 'tanpa', 'ada', 'kontrak', 'jangan', 'kerjakan', 'projeknya', 'itu', 'penipuan']","['kerja', 'emang', 'worth', 'it', 'hatihati', 'scammersnya', 'intinya', 'kalo', 'kerja', 'disuruh', 'deposit', 'kirim', 'data', 'pribadi', 'dialihkan', 'tele', 'kontrak', 'kerjakan', 'projeknya', 'penipuan']","['kerja', 'emang', 'worth', 'it', 'hatihati', 'scammersnya', 'inti', 'kalo', 'kerja', 'suruh', 'deposit', 'kirim', 'data', 'pribadi', 'alih', 'tele', 'kontrak', 'kerja', 'projeknya', 'tipu']",kerja emang worth it hatihati scammersnya inti kalo kerja suruh deposit kirim data pribadi alih tele kontrak kerja projeknya tipu
Tiara Citra,"Ga ush download guys, banyak scamnya skrg. Contoh scam disuruh hubungi lewat email + tele. Trs pas mau bayar mereka minta fee, pokonya jangan mau deh",1,2023-07-30 15:34:35,38,negatif,id,"ga ush download guys, banyak scamnya skrg. contoh scam disuruh hubungi lewat email + tele. trs pas mau bayar mereka minta fee, pokonya jangan mau deh",ga ush download guys banyak scamnya skrg contoh scam disuruh hubungi lewat email  tele trs pas mau bayar mereka minta fee pokonya jangan mau deh,"['ga', 'ush', 'download', 'guys', 'banyak', 'scamnya', 'skrg', 'contoh', 'scam', 'disuruh', 'hubungi', 'lewat', 'email', 'tele', 'trs', 'pas', 'mau', 'bayar', 'mereka', 'minta', 'fee', 'pokonya', 'jangan', 'mau', 'deh']","['ga', 'ush', 'download', 'guys', 'scamnya', 'skrg', 'contoh', 'scam', 'disuruh', 'hubungi', 'email', 'tele', 'trs', 'pas', 'bayar', 'fee', 'pokonya', 'deh']","['ga', 'ush', 'download', 'guys', 'scamnya', 'skrg', 'contoh', 'scam', 'suruh', 'hubung', 'email', 'tele', 'trs', 'pas', 'bayar', 'fee', 'poko', 'deh']",ga ush download guys scamnya skrg contoh scam suruh hubung email tele trs pas bayar fee poko deh
yasi huji,Semoga bisa menjadi salah satu sarana rezeki saya. Aamiin..,5,2023-07-25 11:49:23,0,positif,id,semoga bisa menjadi salah satu sarana rezeki saya. aamiin..,semoga bisa menjadi salah satu sarana rezeki saya aamiin,"['semoga', 'bisa', 'menjadi', 'salah', 'satu', 'sarana', 'rezeki', 'saya', 'aamiin']","['semoga', 'salah', 'sarana', 'rezeki', 'aamiin']","['moga', 'salah', 'sarana', 'rezeki', 'aamiin']",moga salah sarana rezeki aamiin
Andika Septiawan,Mohon atasi scam,3,2023-07-17 06:25:43,1,netral,id,mohon atasi scam,mohon atasi scam,"['mohon', 'atasi', 'scam']","['mohon', 'atasi', 'scam']","['mohon', 'atas', 'scam']",mohon atas scam
Fais,"jelek parah ga bisa ngecek profile akun client,masa tiap lamar proposal point kita berkurang. berkurang iya nambah saldo engga. mana kalo nau nambah point make duit lagi",1,2023-07-09 14:16:56,10,negatif,id,"jelek parah ga bisa ngecek profile akun client,masa tiap lamar proposal point kita berkurang. berkurang iya nambah saldo engga. mana kalo nau nambah point make duit lagi",jelek parah ga bisa ngecek profile akun clientmasa tiap lamar proposal point kita berkurang berkurang iya nambah saldo engga mana kalo nau nambah point make duit lagi,"['jelek', 'parah', 'ga', 'bisa', 'ngecek', 'profile', 'akun', 'clientmasa', 'tiap', 'lamar', 'proposal', 'point', 'kita', 'berkurang', 'berkurang', 'iya', 'nambah', 'saldo', 'engga', 'mana', 'kalo', 'nau', 'nambah', 'point', 'make', 'duit', 'lagi']","['jelek', 'parah', 'ga', 'ngecek', 'profile', 'akun', 'clientmasa', 'lamar', 'proposal', 'point', 'berkurang', 'berkurang', 'iya', 'nambah', 'saldo', 'engga', 'kalo', 'nau', 'nambah', 'point', 'make', 'duit']","['jelek', 'parah', 'ga', 'ngecek', 'profile', 'akun', 'clientmasa', 'lamar', 'proposal', 'point', 'kurang', 'kurang', 'iya', 'nambah', 'saldo', 'engga', 'kalo', 'nau', 'nambah', 'point', 'make', 'duit']",jelek parah ga ngecek profile akun clientmasa lamar proposal point kurang kurang iya nambah saldo engga kalo nau nambah point make duit
BANG BREWOK,Very Nice,5,2023-07-07 02:26:39,0,positif,en,very nice,very nice,"['very', 'nice']",['nice'],['nice'],nice
Laila Mayasari,Aplikasi yang bagus baik dan menyenangkan,5,2023-07-04 10:28:18,0,positif,id,aplikasi yang bagus baik dan menyenangkan,aplikasi yang bagus baik dan menyenangkan,"['aplikasi', 'yang', 'bagus', 'baik', 'dan', 'menyenangkan']","['aplikasi', 'bagus', 'menyenangkan']","['aplikasi', 'bagus', 'senang']",aplikasi bagus senang
P Pandu Wijaya,"Thank you, finally i get a job!!",5,2023-06-29 10:45:45,0,positif,en,"thank you, finally i get a job!!",thank you finally i get a job,"['thank', 'you', 'finally', 'i', 'get', 'a', 'job']","['thank', 'finally', 'get', 'job']","['thank', 'final', 'get', 'job']",thank final get job
Arfi Yanto,"I like the app and your fiture, but i was Tricked Twice from this, i was a freelance, i hope you can help me, just i freelance's comment",3,2023-06-25 12:58:19,0,netral,en,"i like the app and your fiture, but i was tricked twice from this, i was a freelance, i hope you can help me, just i freelance's comment",i like the app and your fiture but i was tricked twice from this i was a freelance i hope you can help me just i freelances comment,"['i', 'like', 'the', 'app', 'and', 'your', 'fiture', 'but', 'i', 'was', 'tricked', 'twice', 'from', 'this', 'i', 'was', 'a', 'freelance', 'i', 'hope', 'you', 'can', 'help', 'me', 'just', 'i', 'freelances', 'comment']","['like', 'app', 'fiture', 'tricked', 'twice', 'freelance', 'hope', 'help', 'freelances', 'comment']","['like', 'app', 'fitur', 'trick', 'twice', 'freelanc', 'hope', 'help', 'freelanc', 'comment']",like app fitur trick twice freelanc hope help freelanc comment
akbar maulana,"Banyak scammernya,masa mau ambil bayaran nya harus deposit dulu udah itu bertelepon tele urusan nya. Saya harap upwork lebih bijak lagi dalam memilih mana yang bener bener klien atau bukan (penipu)",1,2023-06-25 06:40:32,40,negatif,id,"banyak scammernya,masa mau ambil bayaran nya harus deposit dulu udah itu bertelepon tele urusan nya. saya harap upwork lebih bijak lagi dalam memilih mana yang bener bener klien atau bukan (penipu)",banyak scammernyamasa mau ambil bayaran nya harus deposit dulu udah itu bertelepon tele urusan nya saya harap upwork lebih bijak lagi dalam memilih mana yang bener bener klien atau bukan penipu,"['banyak', 'scammernyamasa', 'mau', 'ambil', 'bayaran', 'nya', 'harus', 'deposit', 'dulu', 'udah', 'itu', 'bertelepon', 'tele', 'urusan', 'nya', 'saya', 'harap', 'upwork', 'lebih', 'bijak', 'lagi', 'dalam', 'memilih', 'mana', 'yang', 'bener', 'bener', 'klien', 'atau', 'bukan', 'penipu']","['scammernyamasa', 'ambil', 'bayaran', 'nya', 'deposit', 'udah', 'bertelepon', 'tele', 'urusan', 'nya', 'harap', 'upwork', 'bijak', 'memilih', 'bener', 'bener', 'klien', 'penipu']","['scammernyamasa', 'ambil', 'bayar', 'nya', 'deposit', 'udah', 'telepon', 'tele', 'urus', 'nya', 'harap', 'upwork', 'bijak', 'pilih', 'bener', 'bener', 'klien', 'tipu']",scammernyamasa ambil bayar nya deposit udah telepon tele urus nya harap upwork bijak pilih bener bener klien tipu
Anakin Lindwik,Great app,5,2023-06-15 11:26:57,0,positif,en,great app,great app,"['great', 'app']","['great', 'app']","['great', 'app']",great app
Amalia Gunawan,Masih banyak scam. Harus hati2,5,2023-06-08 14:01:47,0,positif,id,masih banyak scam. harus hati2,masih banyak scam harus hati,"['masih', 'banyak', 'scam', 'harus', 'hati']","['scam', 'hati']","['scam', 'hati']",scam hati
Ella Aquin Darma,Good platfrom for searching freelance job,4,2023-05-30 12:40:58,0,positif,en,good platfrom for searching freelance job,good platfrom for searching freelance job,"['good', 'platfrom', 'for', 'searching', 'freelance', 'job']","['good', 'platfrom', 'searching', 'freelance', 'job']","['good', 'platfrom', 'search', 'freelanc', 'job']",good platfrom search freelanc job
Pamor Balap,Mntabb,5,2023-05-25 13:04:08,0,positif,id,mntabb,mntabb,['mntabb'],['mntabb'],['mntabb'],mntabb
BERNANDUS DAULAT SIREGAR (BERNIE),it helps alot to make extra income while practicing another skill that is not a jobdesk in fulltime work which is also studied in vocation educational background,5,2023-05-25 08:35:49,0,positif,en,it helps alot to make extra income while practicing another skill that is not a jobdesk in fulltime work which is also studied in vocation educational background,it helps alot to make extra income while practicing another skill that is not a jobdesk in fulltime work which is also studied in vocation educational background,"['it', 'helps', 'alot', 'to', 'make', 'extra', 'income', 'while', 'practicing', 'another', 'skill', 'that', 'is', 'not', 'a', 'jobdesk', 'in', 'fulltime', 'work', 'which', 'is', 'also', 'studied', 'in', 'vocation', 'educational', 'background']","['helps', 'alot', 'make', 'extra', 'income', 'practicing', 'another', 'skill', 'jobdesk', 'fulltime', 'work', 'also', 'studied', 'vocation', 'educational', 'background']","['help', 'alot', 'make', 'extra', 'incom', 'practic', 'anoth', 'skill', 'jobdesk', 'fulltim', 'work', 'also', 'studi', 'vocat', 'educ', 'background']",help alot make extra incom practic anoth skill jobdesk fulltim work also studi vocat educ background
Muhammad Ende,"Baru mulai, semoga lancar dan berkah. Aamiin",5,2023-05-05 05:35:17,0,positif,id,"baru mulai, semoga lancar dan berkah. aamiin",baru mulai semoga lancar dan berkah aamiin,"['baru', 'mulai', 'semoga', 'lancar', 'dan', 'berkah', 'aamiin']","['semoga', 'lancar', 'berkah', 'aamiin']","['moga', 'lancar', 'berkah', 'aamiin']",moga lancar berkah aamiin
pras pintarnya,Belum tahu nanti pas profile sudah selesai.semoga dapat klien banyak biar membantu saya untuk nambah modal usaha,5,2023-04-28 11:26:30,9,positif,id,belum tahu nanti pas profile sudah selesai.semoga dapat klien banyak biar membantu saya untuk nambah modal usaha,belum tahu nanti pas profile sudah selesaisemoga dapat klien banyak biar membantu saya untuk nambah modal usaha,"['belum', 'tahu', 'nanti', 'pas', 'profile', 'sudah', 'selesaisemoga', 'dapat', 'klien', 'banyak', 'biar', 'membantu', 'saya', 'untuk', 'nambah', 'modal', 'usaha']","['pas', 'profile', 'selesaisemoga', 'klien', 'biar', 'membantu', 'nambah', 'modal', 'usaha']","['pas', 'profile', 'selesaisemoga', 'klien', 'biar', 'bantu', 'nambah', 'modal', 'usaha']",pas profile selesaisemoga klien biar bantu nambah modal usaha
Gump Kulon,Bermanfaat,4,2023-04-19 16:26:29,0,positif,id,bermanfaat,bermanfaat,['bermanfaat'],['bermanfaat'],['manfaat'],manfaat
Mukti Cahya,Good for freelancer,5,2023-04-14 09:30:37,0,positif,en,good for freelancer,good for freelancer,"['good', 'for', 'freelancer']","['good', 'freelancer']","['good', 'freelanc']",good freelanc
Erwin Hambali,"Cool work, enjoy life enjoy the earn...",5,2023-04-11 19:48:32,0,positif,en,"cool work, enjoy life enjoy the earn...",cool work enjoy life enjoy the earn,"['cool', 'work', 'enjoy', 'life', 'enjoy', 'the', 'earn']","['cool', 'work', 'enjoy', 'life', 'enjoy', 'earn']","['cool', 'work', 'enjoy', 'life', 'enjoy', 'earn']",cool work enjoy life enjoy earn
Stella Fausta,"Jelek appny. Bnyk yg nipu client nya. Udh cape"" ngerjain tgs mlh ghosting",3,2023-04-08 10:27:47,1,netral,en,"jelek appny. bnyk yg nipu client nya. udh cape"" ngerjain tgs mlh ghosting",jelek appny bnyk yg nipu client nya udh cape ngerjain tgs mlh ghosting,"['jelek', 'appny', 'bnyk', 'yg', 'nipu', 'client', 'nya', 'udh', 'cape', 'ngerjain', 'tgs', 'mlh', 'ghosting']","['jelek', 'appny', 'bnyk', 'yg', 'nipu', 'client', 'nya', 'udh', 'cape', 'ngerjain', 'tgs', 'mlh', 'ghosting']","['jelek', 'appni', 'bnyk', 'yg', 'nipu', 'client', 'nya', 'udh', 'cape', 'ngerjain', 'tg', 'mlh', 'ghost']",jelek appni bnyk yg nipu client nya udh cape ngerjain tg mlh ghost
Amin Alkindi,Good app next hope this app more job easy for freelancer,5,2023-03-30 13:39:19,0,positif,en,good app next hope this app more job easy for freelancer,good app next hope this app more job easy for freelancer,"['good', 'app', 'next', 'hope', 'this', 'app', 'more', 'job', 'easy', 'for', 'freelancer']","['good', 'app', 'next', 'hope', 'app', 'job', 'easy', 'freelancer']","['good', 'app', 'next', 'hope', 'app', 'job', 'easi', 'freelanc']",good app next hope app job easi freelanc
Hadi Sign,Great,5,2023-03-23 14:27:22,0,positif,en,great,great,['great'],['great'],['great'],great
Agung Trimuda,The best pak,5,2023-03-18 01:20:40,0,positif,en,the best pak,the best pak,"['the', 'best', 'pak']","['best', 'pak']","['best', 'pak']",best pak
Kamelia Melia,Apk freelance ter best sih menurut aku,5,2023-03-16 14:28:28,1,positif,id,apk freelance ter best sih menurut aku,apk freelance ter best sih menurut aku,"['apk', 'freelance', 'ter', 'best', 'sih', 'menurut', 'aku']","['apk', 'freelance', 'ter', 'best', 'sih']","['apk', 'freelance', 'ter', 'best', 'sih']",apk freelance ter best sih
Dhani ProLink,"Very convenient and useful, but, sometimes struggling to sync between desktop app or website to mobile app... the same with the desktop app",4,2023-03-16 11:09:05,0,positif,en,"very convenient and useful, but, sometimes struggling to sync between desktop app or website to mobile app... the same with the desktop app",very convenient and useful but sometimes struggling to sync between desktop app or website to mobile app the same with the desktop app,"['very', 'convenient', 'and', 'useful', 'but', 'sometimes', 'struggling', 'to', 'sync', 'between', 'desktop', 'app', 'or', 'website', 'to', 'mobile', 'app', 'the', 'same', 'with', 'the', 'desktop', 'app']","['convenient', 'useful', 'sometimes', 'struggling', 'sync', 'desktop', 'app', 'website', 'mobile', 'app', 'desktop', 'app']","['conveni', 'use', 'sometim', 'struggl', 'sync', 'desktop', 'app', 'websit', 'mobil', 'app', 'desktop', 'app']",conveni use sometim struggl sync desktop app websit mobil app desktop app
Far It,Ntr kalo dah dapet klien naik jadi 5 bintangnya,2,2023-03-09 02:04:00,0,negatif,id,ntr kalo dah dapet klien naik jadi 5 bintangnya,ntr kalo dah dapet klien naik jadi  bintangnya,"['ntr', 'kalo', 'dah', 'dapet', 'klien', 'naik', 'jadi', 'bintangnya']","['ntr', 'kalo', 'dah', 'dapet', 'klien', 'bintangnya']","['ntr', 'kalo', 'dah', 'dapet', 'klien', 'bintang']",ntr kalo dah dapet klien bintang
Ot baru,Seharusnya di aplikasi seperti ini harus aman dari scam. karena yang masuk adalah orang² yang mencari pekerjaan diluar dari kantor. pihak developer UpWork harusnya bisa membuat filter agar scam tidak menjamur diapliksinya.,5,2023-02-27 07:02:09,66,positif,id,seharusnya di aplikasi seperti ini harus aman dari scam. karena yang masuk adalah orang² yang mencari pekerjaan diluar dari kantor. pihak developer upwork harusnya bisa membuat filter agar scam tidak menjamur diapliksinya.,seharusnya di aplikasi seperti ini harus aman dari scam karena yang masuk adalah orang² yang mencari pekerjaan diluar dari kantor pihak developer upwork harusnya bisa membuat filter agar scam tidak menjamur diapliksinya,"['seharusnya', 'di', 'aplikasi', 'seperti', 'ini', 'harus', 'aman', 'dari', 'scam', 'karena', 'yang', 'masuk', 'adalah', 'orang²', 'yang', 'mencari', 'pekerjaan', 'diluar', 'dari', 'kantor', 'pihak', 'developer', 'upwork', 'harusnya', 'bisa', 'membuat', 'filter', 'agar', 'scam', 'tidak', 'menjamur', 'diapliksinya']","['aplikasi', 'aman', 'scam', 'masuk', 'orang²', 'mencari', 'pekerjaan', 'diluar', 'kantor', 'developer', 'upwork', 'filter', 'scam', 'menjamur', 'diapliksinya']","['aplikasi', 'aman', 'scam', 'masuk', 'orang', 'cari', 'kerja', 'luar', 'kantor', 'developer', 'upwork', 'filter', 'scam', 'jamur', 'diapliksinya']",aplikasi aman scam masuk orang cari kerja luar kantor developer upwork filter scam jamur diapliksinya
Selly,Masih awal nih mudah2an segera dapat project.,5,2023-02-21 07:04:09,1,positif,id,masih awal nih mudah2an segera dapat project.,masih awal nih mudahan segera dapat project,"['masih', 'awal', 'nih', 'mudahan', 'segera', 'dapat', 'project']","['nih', 'mudahan', 'project']","['nih', 'mudah', 'project']",nih mudah project
Briliant Kenz,Good job for freelance 🙏✨✨✨✨✨✨,5,2023-02-19 14:22:16,0,positif,en,good job for freelance 🙏✨✨✨✨✨✨,good job for freelance,"['good', 'job', 'for', 'freelance']","['good', 'job', 'freelance']","['good', 'job', 'freelanc']",good job freelanc
Rika Aprianti,Ini keren banget alhamdulillah baru nyoba aplikasinya,5,2023-02-08 08:55:13,1,positif,id,ini keren banget alhamdulillah baru nyoba aplikasinya,ini keren banget alhamdulillah baru nyoba aplikasinya,"['ini', 'keren', 'banget', 'alhamdulillah', 'baru', 'nyoba', 'aplikasinya']","['keren', 'banget', 'alhamdulillah', 'nyoba', 'aplikasinya']","['keren', 'banget', 'alhamdulillah', 'nyoba', 'aplikasi']",keren banget alhamdulillah nyoba aplikasi
Setiana Indrayani,I am start my work here and I hope will get my first client for this app,5,2023-02-05 22:29:26,0,positif,en,i am start my work here and i hope will get my first client for this app,i am start my work here and i hope will get my first client for this app,"['i', 'am', 'start', 'my', 'work', 'here', 'and', 'i', 'hope', 'will', 'get', 'my', 'first', 'client', 'for', 'this', 'app']","['start', 'work', 'hope', 'get', 'first', 'client', 'app']","['start', 'work', 'hope', 'get', 'first', 'client', 'app']",start work hope get first client app
Ady Pratama,Good for frelance,5,2023-02-02 06:39:53,0,positif,en,good for frelance,good for frelance,"['good', 'for', 'frelance']","['good', 'frelance']","['good', 'frelanc']",good frelanc
auart04 design,Thanks upwork,5,2023-01-30 21:49:57,0,positif,en,thanks upwork,thanks upwork,"['thanks', 'upwork']","['thanks', 'upwork']","['thank', 'upwork']",thank upwork
Nyanko_ editz,Help and support took to frickin long. My client cant contact me. F,1,2023-01-30 12:37:52,0,negatif,en,help and support took to frickin long. my client cant contact me. f,help and support took to frickin long my client cant contact me f,"['help', 'and', 'support', 'took', 'to', 'frickin', 'long', 'my', 'client', 'cant', 'contact', 'me', 'f']","['help', 'support', 'took', 'frickin', 'long', 'client', 'cant', 'contact', 'f']","['help', 'support', 'took', 'frickin', 'long', 'client', 'cant', 'contact', 'f']",help support took frickin long client cant contact f
titin erawati,"11 kali terima interview, client ke 12 baru diterima. Semangat semuanya!",5,2023-01-24 03:43:03,17,positif,id,"11 kali terima interview, client ke 12 baru diterima. semangat semuanya!",kali terima interview client ke  baru diterima semangat semuanya,"['kali', 'terima', 'interview', 'client', 'ke', 'baru', 'diterima', 'semangat', 'semuanya']","['kali', 'terima', 'interview', 'client', 'diterima', 'semangat']","['kali', 'terima', 'interview', 'client', 'terima', 'semangat']",kali terima interview client terima semangat
wahyu tarmidi,Aplikasi yg digadang gadang jalur terakhir buat dapetin cuan buat yg susah dapet kerja di indo,5,2023-01-22 13:38:53,1,positif,id,aplikasi yg digadang gadang jalur terakhir buat dapetin cuan buat yg susah dapet kerja di indo,aplikasi yg digadang gadang jalur terakhir buat dapetin cuan buat yg susah dapet kerja di indo,"['aplikasi', 'yg', 'digadang', 'gadang', 'jalur', 'terakhir', 'buat', 'dapetin', 'cuan', 'buat', 'yg', 'susah', 'dapet', 'kerja', 'di', 'indo']","['aplikasi', 'yg', 'digadang', 'gadang', 'jalur', 'dapetin', 'cuan', 'yg', 'susah', 'dapet', 'kerja', 'indo']","['aplikasi', 'yg', 'gadang', 'gadang', 'jalur', 'dapetin', 'cuan', 'yg', 'susah', 'dapet', 'kerja', 'indo']",aplikasi yg gadang gadang jalur dapetin cuan yg susah dapet kerja indo
sultan aldavi,please make option to see connects and buy connects in apps from google pay option,3,2023-01-12 06:11:12,0,netral,en,please make option to see connects and buy connects in apps from google pay option,please make option to see connects and buy connects in apps from google pay option,"['please', 'make', 'option', 'to', 'see', 'connects', 'and', 'buy', 'connects', 'in', 'apps', 'from', 'google', 'pay', 'option']","['please', 'make', 'option', 'see', 'connects', 'buy', 'connects', 'apps', 'google', 'pay', 'option']","['pleas', 'make', 'option', 'see', 'connect', 'buy', 'connect', 'app', 'googl', 'pay', 'option']",pleas make option see connect buy connect app googl pay option
Tutorial Komputer SMKMM,"I think this apk very helping everyone,thanks",5,2023-01-06 23:48:58,0,positif,en,"i think this apk very helping everyone,thanks",i think this apk very helping everyonethanks,"['i', 'think', 'this', 'apk', 'very', 'helping', 'everyonethanks']","['think', 'apk', 'helping', 'everyonethanks']","['think', 'apk', 'help', 'everyonethank']",think apk help everyonethank
Prayoga Wiguna,Mudah2an cepat pecah telor,5,2023-01-01 12:08:37,0,positif,id,mudah2an cepat pecah telor,mudahan cepat pecah telor,"['mudahan', 'cepat', 'pecah', 'telor']","['mudahan', 'cepat', 'pecah', 'telor']","['mudah', 'cepat', 'pecah', 'telor']",mudah cepat pecah telor
hNC 6002,can you add Indonesian? I can only speak INDONESIAN pls:),1,2022-12-28 11:43:08,2,negatif,en,can you add indonesian? i can only speak indonesian pls:),can you add indonesian i can only speak indonesian pls,"['can', 'you', 'add', 'indonesian', 'i', 'can', 'only', 'speak', 'indonesian', 'pls']","['add', 'indonesian', 'speak', 'indonesian', 'pls']","['add', 'indonesian', 'speak', 'indonesian', 'pl']",add indonesian speak indonesian pl
Tri Agung Pambudi,"Awalnya aku pikir, wah udah lah ya, pengalaman pertama, mana mungkin langsung dapet client, coba-coba aja kali ya. Tapi diluar ekspektasi, beberapa hari setelah instal, isi profil semenarik mungkin, upload beberapa sample, propose ke beberapa project, dan Alhamdulillah langsung ada yang nerima dong. Yang paling penting menurutku adalah propose ke project yang emang kita tau kemungkinan di approve nya tinggi. Thanks Upwork",5,2022-12-26 20:30:48,55,positif,id,"awalnya aku pikir, wah udah lah ya, pengalaman pertama, mana mungkin langsung dapet client, coba-coba aja kali ya. tapi diluar ekspektasi, beberapa hari setelah instal, isi profil semenarik mungkin, upload beberapa sample, propose ke beberapa project, dan alhamdulillah langsung ada yang nerima dong. yang paling penting menurutku adalah propose ke project yang emang kita tau kemungkinan di approve nya tinggi. thanks upwork",awalnya aku pikir wah udah lah ya pengalaman pertama mana mungkin langsung dapet client cobacoba aja kali ya tapi diluar ekspektasi beberapa hari setelah instal isi profil semenarik mungkin upload beberapa sample propose ke beberapa project dan alhamdulillah langsung ada yang nerima dong yang paling penting menurutku adalah propose ke project yang emang kita tau kemungkinan di approve nya tinggi thanks upwork,"['awalnya', 'aku', 'pikir', 'wah', 'udah', 'lah', 'ya', 'pengalaman', 'pertama', 'mana', 'mungkin', 'langsung', 'dapet', 'client', 'cobacoba', 'aja', 'kali', 'ya', 'tapi', 'diluar', 'ekspektasi', 'beberapa', 'hari', 'setelah', 'instal', 'isi', 'profil', 'semenarik', 'mungkin', 'upload', 'beberapa', 'sample', 'propose', 'ke', 'beberapa', 'project', 'dan', 'alhamdulillah', 'langsung', 'ada', 'yang', 'nerima', 'dong', 'yang', 'paling', 'penting', 'menurutku', 'adalah', 'propose', 'ke', 'project', 'yang', 'emang', 'kita', 'tau', 'kemungkinan', 'di', 'approve', 'nya', 'tinggi', 'thanks', 'upwork']","['pikir', 'udah', 'ya', 'pengalaman', 'langsung', 'dapet', 'client', 'cobacoba', 'aja', 'kali', 'ya', 'diluar', 'ekspektasi', 'instal', 'isi', 'profil', 'semenarik', 'upload', 'sample', 'propose', 'project', 'alhamdulillah', 'langsung', 'nerima', 'menurutku', 'propose', 'project', 'emang', 'tau', 'approve', 'nya', 'thanks', 'upwork']","['pikir', 'udah', 'ya', 'alam', 'langsung', 'dapet', 'client', 'cobacoba', 'aja', 'kali', 'ya', 'luar', 'ekspektasi', 'instal', 'isi', 'profil', 'tarik', 'upload', 'sample', 'propose', 'project', 'alhamdulillah', 'langsung', 'nerima', 'turut', 'propose', 'project', 'emang', 'tau', 'approve', 'nya', 'thanks', 'upwork']",pikir udah ya alam langsung dapet client cobacoba aja kali ya luar ekspektasi instal isi profil tarik upload sample propose project alhamdulillah langsung nerima turut propose project emang tau approve nya thanks upwork
Bhatito,Mantap,5,2022-12-14 16:02:37,0,positif,id,mantap,mantap,['mantap'],['mantap'],['mantap'],mantap
M Basyar,Very good application,5,2022-12-14 12:18:36,0,positif,en,very good application,very good application,"['very', 'good', 'application']","['good', 'application']","['good', 'applic']",good applic
Sulastri Panjaitan,There are a lot of scams,3,2022-12-11 06:45:35,0,netral,en,there are a lot of scams,there are a lot of scams,"['there', 'are', 'a', 'lot', 'of', 'scams']","['lot', 'scams']","['lot', 'scam']",lot scam
beginner _,Sangat membantu,5,2022-12-05 10:46:28,0,positif,id,sangat membantu,sangat membantu,"['sangat', 'membantu']",['membantu'],['bantu'],bantu
Priyo Susilo,It's great for making money,5,2022-11-28 15:17:11,0,positif,en,it's great for making money,its great for making money,"['its', 'great', 'for', 'making', 'money']","['great', 'making', 'money']","['great', 'make', 'money']",great make money
Kz,"4 * at the moment. good app, usefull, easy enough to use, no error yet. but still need to explore more.",4,2022-11-26 22:54:49,0,positif,en,"4 * at the moment. good app, usefull, easy enough to use, no error yet. but still need to explore more.",at the moment good app usefull easy enough to use no error yet but still need to explore more,"['at', 'the', 'moment', 'good', 'app', 'usefull', 'easy', 'enough', 'to', 'use', 'no', 'error', 'yet', 'but', 'still', 'need', 'to', 'explore', 'more']","['moment', 'good', 'app', 'usefull', 'easy', 'enough', 'use', 'error', 'yet', 'still', 'need', 'explore']","['moment', 'good', 'app', 'useful', 'easi', 'enough', 'use', 'error', 'yet', 'still', 'need', 'explor']",moment good app useful easi enough use error yet still need explor
Namar Sulaeman,Cara memasukkan proposal y gimana y,1,2022-11-25 13:33:15,1,negatif,id,cara memasukkan proposal y gimana y,cara memasukkan proposal y gimana y,"['cara', 'memasukkan', 'proposal', 'y', 'gimana', 'y']","['memasukkan', 'proposal', 'y', 'gimana', 'y']","['masuk', 'proposal', 'y', 'gimana', 'y']",masuk proposal y gimana y
Amin Yusuf,Cool i can work just sit at home,5,2022-11-25 09:02:11,0,positif,en,cool i can work just sit at home,cool i can work just sit at home,"['cool', 'i', 'can', 'work', 'just', 'sit', 'at', 'home']","['cool', 'work', 'sit', 'home']","['cool', 'work', 'sit', 'home']",cool work sit home
Rinaldy A H,Best platform for scammers,1,2022-11-16 22:39:06,2,negatif,en,best platform for scammers,best platform for scammers,"['best', 'platform', 'for', 'scammers']","['best', 'platform', 'scammers']","['best', 'platform', 'scammer']",best platform scammer
Motion Films,Good app,5,2022-11-13 13:28:18,0,positif,en,good app,good app,"['good', 'app']","['good', 'app']","['good', 'app']",good app
Dzu Khuluqin Azhim,Gk bisa berjalan,5,2022-11-09 22:55:35,1,positif,id,gk bisa berjalan,gk bisa berjalan,"['gk', 'bisa', 'berjalan']","['gk', 'berjalan']","['gk', 'jalan']",gk jalan
Nur Muhamad,Awsome,5,2022-11-08 13:15:18,0,positif,en,awsome,awsome,['awsome'],['awsome'],['awsom'],awsom
Moch Ridwan,Bagus untuk saya yang mencari pekerjaan dari rumah. Semoga bisa sukses saya di upwork dan akan saya rekomendasikan untuk upwork ini,5,2022-11-03 17:32:07,12,positif,id,bagus untuk saya yang mencari pekerjaan dari rumah. semoga bisa sukses saya di upwork dan akan saya rekomendasikan untuk upwork ini,bagus untuk saya yang mencari pekerjaan dari rumah semoga bisa sukses saya di upwork dan akan saya rekomendasikan untuk upwork ini,"['bagus', 'untuk', 'saya', 'yang', 'mencari', 'pekerjaan', 'dari', 'rumah', 'semoga', 'bisa', 'sukses', 'saya', 'di', 'upwork', 'dan', 'akan', 'saya', 'rekomendasikan', 'untuk', 'upwork', 'ini']","['bagus', 'mencari', 'pekerjaan', 'rumah', 'semoga', 'sukses', 'upwork', 'rekomendasikan', 'upwork']","['bagus', 'cari', 'kerja', 'rumah', 'moga', 'sukses', 'upwork', 'rekomendasi', 'upwork']",bagus cari kerja rumah moga sukses upwork rekomendasi upwork
Ade Siti Badriah,"Aplikasi bagus tapi banyak error nya, tanpa merendahkan sedikit pun kepada pihak pengembang, sungguh aplikasi nya bagus tapi masalah nya banyak",1,2022-11-01 19:31:43,15,negatif,id,"aplikasi bagus tapi banyak error nya, tanpa merendahkan sedikit pun kepada pihak pengembang, sungguh aplikasi nya bagus tapi masalah nya banyak",aplikasi bagus tapi banyak error nya tanpa merendahkan sedikit pun kepada pihak pengembang sungguh aplikasi nya bagus tapi masalah nya banyak,"['aplikasi', 'bagus', 'tapi', 'banyak', 'error', 'nya', 'tanpa', 'merendahkan', 'sedikit', 'pun', 'kepada', 'pihak', 'pengembang', 'sungguh', 'aplikasi', 'nya', 'bagus', 'tapi', 'masalah', 'nya', 'banyak']","['aplikasi', 'bagus', 'error', 'nya', 'merendahkan', 'pengembang', 'sungguh', 'aplikasi', 'nya', 'bagus', 'nya']","['aplikasi', 'bagus', 'error', 'nya', 'rendah', 'kembang', 'sungguh', 'aplikasi', 'nya', 'bagus', 'nya']",aplikasi bagus error nya rendah kembang sungguh aplikasi nya bagus nya
RAKHMAT ZAENURI PRIBADI,Good apps,5,2022-10-29 09:39:34,0,positif,en,good apps,good apps,"['good', 'apps']","['good', 'apps']","['good', 'app']",good app
Prio Suwanto,tak terasa sudah 9 tahun bekerja via upwork. sangat banyak mengubah hidup saya. bersyukur kepada Allah SWT atas rezki yg sudah diberikan.,5,2022-10-24 15:37:09,62,positif,id,tak terasa sudah 9 tahun bekerja via upwork. sangat banyak mengubah hidup saya. bersyukur kepada allah swt atas rezki yg sudah diberikan.,tak terasa sudah  tahun bekerja via upwork sangat banyak mengubah hidup saya bersyukur kepada allah swt atas rezki yg sudah diberikan,"['tak', 'terasa', 'sudah', 'tahun', 'bekerja', 'via', 'upwork', 'sangat', 'banyak', 'mengubah', 'hidup', 'saya', 'bersyukur', 'kepada', 'allah', 'swt', 'atas', 'rezki', 'yg', 'sudah', 'diberikan']","['via', 'upwork', 'mengubah', 'hidup', 'bersyukur', 'allah', 'swt', 'rezki', 'yg']","['via', 'upwork', 'ubah', 'hidup', 'syukur', 'allah', 'swt', 'rezki', 'yg']",via upwork ubah hidup syukur allah swt rezki yg
Bisker M Bakara,Give many oportunity,5,2022-10-08 14:21:46,0,positif,en,give many oportunity,give many oportunity,"['give', 'many', 'oportunity']","['give', 'many', 'oportunity']","['give', 'mani', 'oportun']",give mani oportun
Azhara Salsabila,Gab bisa log in/create account,1,2022-10-02 06:18:37,1,negatif,en,gab bisa log in/create account,gab bisa log increate account,"['gab', 'bisa', 'log', 'increate', 'account']","['gab', 'bisa', 'log', 'increate', 'account']","['gab', 'bisa', 'log', 'increat', 'account']",gab bisa log increat account
ubaidilah bajuri,Its very good app,5,2022-09-27 11:31:07,0,positif,en,its very good app,its very good app,"['its', 'very', 'good', 'app']","['good', 'app']","['good', 'app']",good app
Nuzulul Zulkarnain,Aplikasi luar biasa,5,2022-09-26 01:43:47,0,positif,id,aplikasi luar biasa,aplikasi luar biasa,"['aplikasi', 'luar', 'biasa']",['aplikasi'],['aplikasi'],aplikasi
Muhammad Nur Hidayat,Aplikasi yang sangat bagus buat freelancer,5,2022-09-19 20:39:21,2,positif,id,aplikasi yang sangat bagus buat freelancer,aplikasi yang sangat bagus buat freelancer,"['aplikasi', 'yang', 'sangat', 'bagus', 'buat', 'freelancer']","['aplikasi', 'bagus', 'freelancer']","['aplikasi', 'bagus', 'freelancer']",aplikasi bagus freelancer
Husai Anugrah,"Sangat membantu, dan mudah dimengerti",5,2022-09-18 18:05:11,8,positif,id,"sangat membantu, dan mudah dimengerti",sangat membantu dan mudah dimengerti,"['sangat', 'membantu', 'dan', 'mudah', 'dimengerti']","['membantu', 'mudah', 'dimengerti']","['bantu', 'mudah', 'erti']",bantu mudah erti
soeroso tjahjo,This is the best application for freelancer.,5,2022-09-18 11:16:08,1,positif,en,this is the best application for freelancer.,this is the best application for freelancer,"['this', 'is', 'the', 'best', 'application', 'for', 'freelancer']","['best', 'application', 'freelancer']","['best', 'applic', 'freelanc']",best applic freelanc
Renaldi Marzuki,Aplikasi freelancer terbaik,5,2022-09-10 01:43:02,0,positif,id,aplikasi freelancer terbaik,aplikasi freelancer terbaik,"['aplikasi', 'freelancer', 'terbaik']","['aplikasi', 'freelancer', 'terbaik']","['aplikasi', 'freelancer', 'baik']",aplikasi freelancer baik
Imadul Fikri,Nice application for freelance,5,2022-09-08 16:03:31,0,positif,en,nice application for freelance,nice application for freelance,"['nice', 'application', 'for', 'freelance']","['nice', 'application', 'freelance']","['nice', 'applic', 'freelanc']",nice applic freelanc
rachman halim,Help us to get the job,5,2022-09-01 07:06:44,0,positif,en,help us to get the job,help us to get the job,"['help', 'us', 'to', 'get', 'the', 'job']","['help', 'us', 'get', 'job']","['help', 'us', 'get', 'job']",help us get job
Akmal Ubai,I found my new world,5,2022-08-31 06:17:42,1,positif,en,i found my new world,i found my new world,"['i', 'found', 'my', 'new', 'world']","['found', 'new', 'world']","['found', 'new', 'world']",found new world
Infinite Zealots,"thanks to this app, i get a job to fill my spare time. Good Job!",5,2022-08-29 11:10:36,0,positif,en,"thanks to this app, i get a job to fill my spare time. good job!",thanks to this app i get a job to fill my spare time good job,"['thanks', 'to', 'this', 'app', 'i', 'get', 'a', 'job', 'to', 'fill', 'my', 'spare', 'time', 'good', 'job']","['thanks', 'app', 'get', 'job', 'fill', 'spare', 'time', 'good', 'job']","['thank', 'app', 'get', 'job', 'fill', 'spare', 'time', 'good', 'job']",thank app get job fill spare time good job
Helga Adam Maulana,Semoga ada rezekinya cari cuan disini.,4,2022-08-25 13:19:47,0,positif,id,semoga ada rezekinya cari cuan disini.,semoga ada rezekinya cari cuan disini,"['semoga', 'ada', 'rezekinya', 'cari', 'cuan', 'disini']","['semoga', 'rezekinya', 'cari', 'cuan']","['moga', 'rezeki', 'cari', 'cuan']",moga rezeki cari cuan
tommy firmansyah,Keep up the good work,5,2022-08-22 09:14:14,0,positif,en,keep up the good work,keep up the good work,"['keep', 'up', 'the', 'good', 'work']","['keep', 'good', 'work']","['keep', 'good', 'work']",keep good work
Munte Simalem,Great,5,2022-08-20 14:26:02,0,positif,en,great,great,['great'],['great'],['great'],great
Yunus Bahtiar,Great place for find job,5,2022-08-17 02:22:03,0,positif,en,great place for find job,great place for find job,"['great', 'place', 'for', 'find', 'job']","['great', 'place', 'find', 'job']","['great', 'place', 'find', 'job']",great place find job
AGUNG EKA RAMADHANI,"I am very disappointed with the company that is in this application, because there are many fraudsters",3,2022-08-16 10:34:32,0,netral,en,"i am very disappointed with the company that is in this application, because there are many fraudsters",i am very disappointed with the company that is in this application because there are many fraudsters,"['i', 'am', 'very', 'disappointed', 'with', 'the', 'company', 'that', 'is', 'in', 'this', 'application', 'because', 'there', 'are', 'many', 'fraudsters']","['disappointed', 'company', 'application', 'many', 'fraudsters']","['disappoint', 'compani', 'applic', 'mani', 'fraudster']",disappoint compani applic mani fraudster
Professor Karikatur,Fantastic app for freelancers,5,2022-08-10 04:27:36,0,positif,en,fantastic app for freelancers,fantastic app for freelancers,"['fantastic', 'app', 'for', 'freelancers']","['fantastic', 'app', 'freelancers']","['fantast', 'app', 'freelanc']",fantast app freelanc
yusuf tanjiri,Desain Publikasi Pariwisata,5,2022-08-06 14:25:51,0,positif,id,desain publikasi pariwisata,desain publikasi pariwisata,"['desain', 'publikasi', 'pariwisata']","['desain', 'publikasi', 'pariwisata']","['desain', 'publikasi', 'pariwisata']",desain publikasi pariwisata
fahmi azis,Very good for my job,5,2022-08-01 14:46:48,0,positif,en,very good for my job,very good for my job,"['very', 'good', 'for', 'my', 'job']","['good', 'job']","['good', 'job']",good job
Hasna Gagah,Slow refresh on the message feature.,4,2022-07-27 11:49:09,0,positif,en,slow refresh on the message feature.,slow refresh on the message feature,"['slow', 'refresh', 'on', 'the', 'message', 'feature']","['slow', 'refresh', 'message', 'feature']","['slow', 'refresh', 'messag', 'featur']",slow refresh messag featur
Muhammad Dawam,Good aps,4,2022-07-22 12:19:25,0,positif,en,good aps,good aps,"['good', 'aps']","['good', 'aps']","['good', 'ap']",good ap
"Shandy Martua Pandapotan Lubis, ST",Good for me,5,2022-07-21 16:20:02,0,positif,en,good for me,good for me,"['good', 'for', 'me']",['good'],['good'],good
Aditya Harist,Belum ada tanda hijau,1,2022-07-19 13:04:58,2,negatif,id,belum ada tanda hijau,belum ada tanda hijau,"['belum', 'ada', 'tanda', 'hijau']","['tanda', 'hijau']","['tanda', 'hijau']",tanda hijau
Ali Irham,Very good aplication,5,2022-07-16 14:10:14,1,positif,en,very good aplication,very good aplication,"['very', 'good', 'aplication']","['good', 'aplication']","['good', 'aplic']",good aplic
A.Rahmat Muhammad,Sangat mudah dipahami dan efesien,5,2022-07-11 10:16:32,11,positif,id,sangat mudah dipahami dan efesien,sangat mudah dipahami dan efesien,"['sangat', 'mudah', 'dipahami', 'dan', 'efesien']","['mudah', 'dipahami', 'efesien']","['mudah', 'paham', 'efesien']",mudah paham efesien
Joko Pranoto,Good place for freelancer,5,2022-07-08 14:43:03,0,positif,en,good place for freelancer,good place for freelancer,"['good', 'place', 'for', 'freelancer']","['good', 'place', 'freelancer']","['good', 'place', 'freelanc']",good place freelanc
Aira,Belum dapat clien sampai habis coneksinya,4,2022-07-05 11:54:18,21,positif,id,belum dapat clien sampai habis coneksinya,belum dapat clien sampai habis coneksinya,"['belum', 'dapat', 'clien', 'sampai', 'habis', 'coneksinya']","['clien', 'habis', 'coneksinya']","['clien', 'habis', 'coneksinya']",clien habis coneksinya
Fine,Good app,5,2022-07-05 09:48:32,0,positif,en,good app,good app,"['good', 'app']","['good', 'app']","['good', 'app']",good app
Ahmad Asyhari,Masih berusaha cari lowongan,4,2022-07-05 06:59:13,0,positif,id,masih berusaha cari lowongan,masih berusaha cari lowongan,"['masih', 'berusaha', 'cari', 'lowongan']","['berusaha', 'cari', 'lowongan']","['usaha', 'cari', 'lowong']",usaha cari lowong
Muhammad Iqsan Nurtang,"Mantap, lumayan bisa dapat uang tambahan dari kerja disini.",5,2022-07-02 16:37:57,1,positif,id,"mantap, lumayan bisa dapat uang tambahan dari kerja disini.",mantap lumayan bisa dapat uang tambahan dari kerja disini,"['mantap', 'lumayan', 'bisa', 'dapat', 'uang', 'tambahan', 'dari', 'kerja', 'disini']","['mantap', 'lumayan', 'uang', 'tambahan', 'kerja']","['mantap', 'lumayan', 'uang', 'tambah', 'kerja']",mantap lumayan uang tambah kerja
yan,sangat membantu,5,2022-06-29 07:36:04,0,positif,id,sangat membantu,sangat membantu,"['sangat', 'membantu']",['membantu'],['bantu'],bantu
Gablerr Original,Eqngat membantu,5,2022-06-22 07:12:55,1,positif,id,eqngat membantu,eqngat membantu,"['eqngat', 'membantu']","['eqngat', 'membantu']","['eqngat', 'bantu']",eqngat bantu
aandongeng,I hope i can find job 🙏😇,5,2022-06-07 01:14:01,0,positif,en,i hope i can find job 🙏😇,i hope i can find job,"['i', 'hope', 'i', 'can', 'find', 'job']","['hope', 'find', 'job']","['hope', 'find', 'job']",hope find job
samarinda dev,Great,5,2022-06-02 11:59:09,0,positif,en,great,great,['great'],['great'],['great'],great
Trie,Good place for making money,5,2022-06-01 01:26:23,0,positif,en,good place for making money,good place for making money,"['good', 'place', 'for', 'making', 'money']","['good', 'place', 'making', 'money']","['good', 'place', 'make', 'money']",good place make money
Mulyadi Shp12,cant login many times,1,2022-05-31 02:16:47,0,negatif,en,cant login many times,cant login many times,"['cant', 'login', 'many', 'times']","['cant', 'login', 'many', 'times']","['cant', 'login', 'mani', 'time']",cant login mani time
Asyik Rasyid,the Best,5,2022-05-30 15:12:35,0,positif,en,the best,the best,"['the', 'best']",['best'],['best'],best
Dicki Setempat,The best,5,2022-05-25 05:26:54,0,positif,en,the best,the best,"['the', 'best']",['best'],['best'],best
Wulan Sari,"Mudah dp job, payment ny USD, bisa kerja dmna aja kapan aj, recommended lah",5,2022-05-16 07:00:10,26,positif,id,"mudah dp job, payment ny usd, bisa kerja dmna aja kapan aj, recommended lah",mudah dp job payment ny usd bisa kerja dmna aja kapan aj recommended lah,"['mudah', 'dp', 'job', 'payment', 'ny', 'usd', 'bisa', 'kerja', 'dmna', 'aja', 'kapan', 'aj', 'recommended', 'lah']","['mudah', 'dp', 'job', 'payment', 'ny', 'usd', 'kerja', 'dmna', 'aja', 'aj', 'recommended']","['mudah', 'dp', 'job', 'payment', 'ny', 'usd', 'kerja', 'dmna', 'aja', 'aj', 'recommended']",mudah dp job payment ny usd kerja dmna aja aj recommended
Merryindrawatii,"Gk tau gk paham demi, gk bisa daftar",1,2022-05-06 20:25:21,0,negatif,id,"gk tau gk paham demi, gk bisa daftar",gk tau gk paham demi gk bisa daftar,"['gk', 'tau', 'gk', 'paham', 'demi', 'gk', 'bisa', 'daftar']","['gk', 'tau', 'gk', 'paham', 'gk', 'daftar']","['gk', 'tau', 'gk', 'paham', 'gk', 'daftar']",gk tau gk paham gk daftar
Deddy Setiawan,"Cool, but the notification sometimes not working berfore we open the app",5,2022-05-05 14:40:12,0,positif,en,"cool, but the notification sometimes not working berfore we open the app",cool but the notification sometimes not working berfore we open the app,"['cool', 'but', 'the', 'notification', 'sometimes', 'not', 'working', 'berfore', 'we', 'open', 'the', 'app']","['cool', 'notification', 'sometimes', 'working', 'berfore', 'open', 'app']","['cool', 'notif', 'sometim', 'work', 'berfor', 'open', 'app']",cool notif sometim work berfor open app
Ilham Efendi,"Menarik, semoga cepat pecah telur",5,2022-05-05 12:01:54,1,positif,id,"menarik, semoga cepat pecah telur",menarik semoga cepat pecah telur,"['menarik', 'semoga', 'cepat', 'pecah', 'telur']","['menarik', 'semoga', 'cepat', 'pecah', 'telur']","['tarik', 'moga', 'cepat', 'pecah', 'telur']",tarik moga cepat pecah telur
Wisma Jaya,"pembayar connect'nya di persulit bagi yg ga punya Paypal & Mastercard, saldonya nyangkut",1,2022-04-27 05:41:13,3,negatif,id,"pembayar connect'nya di persulit bagi yg ga punya paypal & mastercard, saldonya nyangkut",pembayar connectnya di persulit bagi yg ga punya paypal  mastercard saldonya nyangkut,"['pembayar', 'connectnya', 'di', 'persulit', 'bagi', 'yg', 'ga', 'punya', 'paypal', 'mastercard', 'saldonya', 'nyangkut']","['pembayar', 'connectnya', 'persulit', 'yg', 'ga', 'paypal', 'mastercard', 'saldonya', 'nyangkut']","['bayar', 'connectnya', 'sulit', 'yg', 'ga', 'paypal', 'mastercard', 'saldo', 'nyangkut']",bayar connectnya sulit yg ga paypal mastercard saldo nyangkut
Cumi cumuy (cumicumuy),"I haven't got a client yet, so I'll give 2 stars first, sorry",2,2022-04-26 17:07:18,1,negatif,en,"i haven't got a client yet, so i'll give 2 stars first, sorry",i havent got a client yet so ill give  stars first sorry,"['i', 'havent', 'got', 'a', 'client', 'yet', 'so', 'ill', 'give', 'stars', 'first', 'sorry']","['havent', 'got', 'client', 'yet', 'ill', 'give', 'stars', 'first', 'sorry']","['havent', 'got', 'client', 'yet', 'ill', 'give', 'star', 'first', 'sorri']",havent got client yet ill give star first sorri
Ali Irham,It is very helpfull,5,2022-04-26 13:32:53,0,positif,en,it is very helpfull,it is very helpfull,"['it', 'is', 'very', 'helpfull']",['helpfull'],['helpful'],helpful
_bejad bass,"Ditipu sama client, udh selesai kerjaan masa disuruh deposit 100$, hati-hati sama yg namanya kairox services",1,2022-04-25 23:29:03,4,negatif,id,"ditipu sama client, udh selesai kerjaan masa disuruh deposit 100$, hati-hati sama yg namanya kairox services",ditipu sama client udh selesai kerjaan masa disuruh deposit  hatihati sama yg namanya kairox services,"['ditipu', 'sama', 'client', 'udh', 'selesai', 'kerjaan', 'masa', 'disuruh', 'deposit', 'hatihati', 'sama', 'yg', 'namanya', 'kairox', 'services']","['ditipu', 'client', 'udh', 'selesai', 'kerjaan', 'disuruh', 'deposit', 'hatihati', 'yg', 'namanya', 'kairox', 'services']","['tipu', 'client', 'udh', 'selesai', 'kerja', 'suruh', 'deposit', 'hatihati', 'yg', 'nama', 'kairox', 'services']",tipu client udh selesai kerja suruh deposit hatihati yg nama kairox services
Fikri Irfan Adristi,Good for hunting job,5,2022-04-21 16:52:11,0,positif,en,good for hunting job,good for hunting job,"['good', 'for', 'hunting', 'job']","['good', 'hunting', 'job']","['good', 'hunt', 'job']",good hunt job
Atep Saepulloh,"Saya sangat puas , terima kasih",5,2022-04-20 22:37:43,0,positif,id,"saya sangat puas , terima kasih",saya sangat puas  terima kasih,"['saya', 'sangat', 'puas', 'terima', 'kasih']","['puas', 'terima', 'kasih']","['puas', 'terima', 'kasih']",puas terima kasih
Reza Dwiki Darmawan,Sumber penghasilan alhamdulilah,5,2022-04-16 02:21:19,1,positif,id,sumber penghasilan alhamdulilah,sumber penghasilan alhamdulilah,"['sumber', 'penghasilan', 'alhamdulilah']","['sumber', 'penghasilan', 'alhamdulilah']","['sumber', 'hasil', 'alhamdulilah']",sumber hasil alhamdulilah
Silmi Falah,Good Apps,5,2022-04-04 01:14:37,0,positif,en,good apps,good apps,"['good', 'apps']","['good', 'apps']","['good', 'app']",good app
Gerardo Mosses,Amazing experience untuk menjadi freelancer di Upwork,5,2022-04-03 20:34:49,3,positif,id,amazing experience untuk menjadi freelancer di upwork,amazing experience untuk menjadi freelancer di upwork,"['amazing', 'experience', 'untuk', 'menjadi', 'freelancer', 'di', 'upwork']","['amazing', 'experience', 'freelancer', 'upwork']","['amazing', 'experience', 'freelancer', 'upwork']",amazing experience freelancer upwork
cindy vica azizah,kenapa upload foto profil nya susah banget,3,2022-04-02 03:08:16,1,netral,id,kenapa upload foto profil nya susah banget,kenapa upload foto profil nya susah banget,"['kenapa', 'upload', 'foto', 'profil', 'nya', 'susah', 'banget']","['upload', 'foto', 'profil', 'nya', 'susah', 'banget']","['upload', 'foto', 'profil', 'nya', 'susah', 'banget']",upload foto profil nya susah banget
Dapuran,Mantul,5,2022-04-02 00:24:46,0,positif,id,mantul,mantul,['mantul'],['mantul'],['mantul'],mantul
TOLLE OMAHPEJALAN,Super,5,2022-03-11 01:13:11,0,positif,id,super,super,['super'],['super'],['super'],super
Elsa Kim,"Enggak di FLan enggak disini sama aja. Dapet scam. Hati-hati sama perusahaan yang minta bayaran di muka. Di cari dahulu nama perusahaannya, lalu pengaduan",1,2022-03-09 14:37:07,11,negatif,id,"enggak di flan enggak disini sama aja. dapet scam. hati-hati sama perusahaan yang minta bayaran di muka. di cari dahulu nama perusahaannya, lalu pengaduan",enggak di flan enggak disini sama aja dapet scam hatihati sama perusahaan yang minta bayaran di muka di cari dahulu nama perusahaannya lalu pengaduan,"['enggak', 'di', 'flan', 'enggak', 'disini', 'sama', 'aja', 'dapet', 'scam', 'hatihati', 'sama', 'perusahaan', 'yang', 'minta', 'bayaran', 'di', 'muka', 'di', 'cari', 'dahulu', 'nama', 'perusahaannya', 'lalu', 'pengaduan']","['flan', 'aja', 'dapet', 'scam', 'hatihati', 'perusahaan', 'bayaran', 'muka', 'cari', 'nama', 'perusahaannya', 'pengaduan']","['flan', 'aja', 'dapet', 'scam', 'hatihati', 'usaha', 'bayar', 'muka', 'cari', 'nama', 'usaha', 'adu']",flan aja dapet scam hatihati usaha bayar muka cari nama usaha adu
Sem L,Good App,4,2022-03-08 09:16:35,1,positif,en,good app,good app,"['good', 'app']","['good', 'app']","['good', 'app']",good app
MooBee Crafty,Good application helping people to get job,5,2022-03-08 04:10:50,0,positif,en,good application helping people to get job,good application helping people to get job,"['good', 'application', 'helping', 'people', 'to', 'get', 'job']","['good', 'application', 'helping', 'people', 'get', 'job']","['good', 'applic', 'help', 'peopl', 'get', 'job']",good applic help peopl get job
Sarazi Owh,"the internet network is good, but why does it always fail to load?",1,2022-03-06 11:43:45,2,negatif,en,"the internet network is good, but why does it always fail to load?",the internet network is good but why does it always fail to load,"['the', 'internet', 'network', 'is', 'good', 'but', 'why', 'does', 'it', 'always', 'fail', 'to', 'load']","['internet', 'network', 'good', 'always', 'fail', 'load']","['internet', 'network', 'good', 'alway', 'fail', 'load']",internet network good alway fail load
Andi Alamsyah,Good application,5,2022-03-02 02:18:09,0,positif,en,good application,good application,"['good', 'application']","['good', 'application']","['good', 'applic']",good applic
Citra Luckyest,Great,5,2022-02-22 11:45:24,0,positif,en,great,great,['great'],['great'],['great'],great
Syalvia Amaliansyah,Kaaloo udh dapet kerjaan di tambah 2 bintang lagi yaaa,3,2022-02-16 14:59:55,7,netral,id,kaaloo udh dapet kerjaan di tambah 2 bintang lagi yaaa,kaaloo udh dapet kerjaan di tambah  bintang lagi yaaa,"['kaaloo', 'udh', 'dapet', 'kerjaan', 'di', 'tambah', 'bintang', 'lagi', 'yaaa']","['kaaloo', 'udh', 'dapet', 'kerjaan', 'bintang', 'yaaa']","['kaaloo', 'udh', 'dapet', 'kerja', 'bintang', 'yaaa']",kaaloo udh dapet kerja bintang yaaa
Lucky Arsyadana,"So many bugs, especially in the massage",1,2022-02-13 07:15:02,0,negatif,en,"so many bugs, especially in the massage",so many bugs especially in the massage,"['so', 'many', 'bugs', 'especially', 'in', 'the', 'massage']","['many', 'bugs', 'especially', 'massage']","['mani', 'bug', 'especi', 'massag']",mani bug especi massag
Iwan Purwadi,Such a good app for hunting remote jobs around the globe,5,2022-02-08 07:20:26,0,positif,en,such a good app for hunting remote jobs around the globe,such a good app for hunting remote jobs around the globe,"['such', 'a', 'good', 'app', 'for', 'hunting', 'remote', 'jobs', 'around', 'the', 'globe']","['good', 'app', 'hunting', 'remote', 'jobs', 'around', 'globe']","['good', 'app', 'hunt', 'remot', 'job', 'around', 'globe']",good app hunt remot job around globe
Frr,Coba dibikin kaya tokopedia atau shopee atau si serba 5 dollar. Jadi lebih kerasa jualannya.,1,2022-02-03 20:34:43,2,negatif,id,coba dibikin kaya tokopedia atau shopee atau si serba 5 dollar. jadi lebih kerasa jualannya.,coba dibikin kaya tokopedia atau shopee atau si serba  dollar jadi lebih kerasa jualannya,"['coba', 'dibikin', 'kaya', 'tokopedia', 'atau', 'shopee', 'atau', 'si', 'serba', 'dollar', 'jadi', 'lebih', 'kerasa', 'jualannya']","['coba', 'dibikin', 'kaya', 'tokopedia', 'shopee', 'si', 'serba', 'dollar', 'kerasa', 'jualannya']","['coba', 'bikin', 'kaya', 'tokopedia', 'shopee', 'si', 'serba', 'dollar', 'rasa', 'jual']",coba bikin kaya tokopedia shopee si serba dollar rasa jual
benny dwiyanto,The apps is amazing. The platform is amazing. Thanks upwork,5,2022-02-02 01:32:21,0,positif,en,the apps is amazing. the platform is amazing. thanks upwork,the apps is amazing the platform is amazing thanks upwork,"['the', 'apps', 'is', 'amazing', 'the', 'platform', 'is', 'amazing', 'thanks', 'upwork']","['apps', 'amazing', 'platform', 'amazing', 'thanks', 'upwork']","['app', 'amaz', 'platform', 'amaz', 'thank', 'upwork']",app amaz platform amaz thank upwork
Supardi G,"Bagus, cuma aplikasi nya masih agak lambat.",5,2022-02-02 01:23:21,2,positif,id,"bagus, cuma aplikasi nya masih agak lambat.",bagus cuma aplikasi nya masih agak lambat,"['bagus', 'cuma', 'aplikasi', 'nya', 'masih', 'agak', 'lambat']","['bagus', 'aplikasi', 'nya', 'lambat']","['bagus', 'aplikasi', 'nya', 'lambat']",bagus aplikasi nya lambat
Ghaida Alfi,Aplikasi bermanfaat untuk yang freelance,4,2022-01-31 08:47:51,1,positif,id,aplikasi bermanfaat untuk yang freelance,aplikasi bermanfaat untuk yang freelance,"['aplikasi', 'bermanfaat', 'untuk', 'yang', 'freelance']","['aplikasi', 'bermanfaat', 'freelance']","['aplikasi', 'manfaat', 'freelance']",aplikasi manfaat freelance
OWH!!!,"belum ada orderan, susah bersaing",5,2022-01-31 07:35:36,3,positif,id,"belum ada orderan, susah bersaing",belum ada orderan susah bersaing,"['belum', 'ada', 'orderan', 'susah', 'bersaing']","['orderan', 'susah', 'bersaing']","['order', 'susah', 'saing']",order susah saing
muichiro Burgerking,Susah dpt client,4,2022-01-30 05:13:42,0,positif,id,susah dpt client,susah dpt client,"['susah', 'dpt', 'client']","['susah', 'dpt', 'client']","['susah', 'dpt', 'client']",susah dpt client
ulfa sartika,"This app is helpfull for freelancer. But i think it's better if user can view attachments online without having to download them first, thus saving device storage. thank you",5,2022-01-26 17:10:00,0,positif,en,"this app is helpfull for freelancer. but i think it's better if user can view attachments online without having to download them first, thus saving device storage. thank you",this app is helpfull for freelancer but i think its better if user can view attachments online without having to download them first thus saving device storage thank you,"['this', 'app', 'is', 'helpfull', 'for', 'freelancer', 'but', 'i', 'think', 'its', 'better', 'if', 'user', 'can', 'view', 'attachments', 'online', 'without', 'having', 'to', 'download', 'them', 'first', 'thus', 'saving', 'device', 'storage', 'thank', 'you']","['app', 'helpfull', 'freelancer', 'think', 'better', 'user', 'view', 'attachments', 'online', 'without', 'download', 'first', 'thus', 'saving', 'device', 'storage', 'thank']","['app', 'helpful', 'freelanc', 'think', 'better', 'user', 'view', 'attach', 'onlin', 'without', 'download', 'first', 'thu', 'save', 'devic', 'storag', 'thank']",app helpful freelanc think better user view attach onlin without download first thu save devic storag thank
PUJO TIARSO,Bagus menginformasikan kepada user job job yang ditawarkan,3,2022-01-26 13:49:20,5,netral,id,bagus menginformasikan kepada user job job yang ditawarkan,bagus menginformasikan kepada user job job yang ditawarkan,"['bagus', 'menginformasikan', 'kepada', 'user', 'job', 'job', 'yang', 'ditawarkan']","['bagus', 'menginformasikan', 'user', 'job', 'job', 'ditawarkan']","['bagus', 'informasi', 'user', 'job', 'job', 'tawar']",bagus informasi user job job tawar
Jufrizal Yusuf Pamungkas,"Aplikasi masih perlu ditingkatkan, banyak bug ketika mau ngirim proposal. Kadang halaman sering error dan tidak ada jaringan. Padahal sinyal bagus.",3,2022-01-25 11:43:53,51,netral,id,"aplikasi masih perlu ditingkatkan, banyak bug ketika mau ngirim proposal. kadang halaman sering error dan tidak ada jaringan. padahal sinyal bagus.",aplikasi masih perlu ditingkatkan banyak bug ketika mau ngirim proposal kadang halaman sering error dan tidak ada jaringan padahal sinyal bagus,"['aplikasi', 'masih', 'perlu', 'ditingkatkan', 'banyak', 'bug', 'ketika', 'mau', 'ngirim', 'proposal', 'kadang', 'halaman', 'sering', 'error', 'dan', 'tidak', 'ada', 'jaringan', 'padahal', 'sinyal', 'bagus']","['aplikasi', 'ditingkatkan', 'bug', 'ngirim', 'proposal', 'kadang', 'halaman', 'error', 'jaringan', 'sinyal', 'bagus']","['aplikasi', 'tingkat', 'bug', 'ngirim', 'proposal', 'kadang', 'halaman', 'error', 'jaring', 'sinyal', 'bagus']",aplikasi tingkat bug ngirim proposal kadang halaman error jaring sinyal bagus
Nur Fadilah,"Aplikasi bagus, namun terdapat kekurangan entah kenapa Notifikasi Massege tidak keluar di Layar notifikasi saya, membuat saya lambat membalas pesan dari client mengakibatkan beberapa telat balas pesan jadi Hilang deh, jaddh",3,2022-01-25 04:23:28,50,netral,id,"aplikasi bagus, namun terdapat kekurangan entah kenapa notifikasi massege tidak keluar di layar notifikasi saya, membuat saya lambat membalas pesan dari client mengakibatkan beberapa telat balas pesan jadi hilang deh, jaddh",aplikasi bagus namun terdapat kekurangan entah kenapa notifikasi massege tidak keluar di layar notifikasi saya membuat saya lambat membalas pesan dari client mengakibatkan beberapa telat balas pesan jadi hilang deh jaddh,"['aplikasi', 'bagus', 'namun', 'terdapat', 'kekurangan', 'entah', 'kenapa', 'notifikasi', 'massege', 'tidak', 'keluar', 'di', 'layar', 'notifikasi', 'saya', 'membuat', 'saya', 'lambat', 'membalas', 'pesan', 'dari', 'client', 'mengakibatkan', 'beberapa', 'telat', 'balas', 'pesan', 'jadi', 'hilang', 'deh', 'jaddh']","['aplikasi', 'bagus', 'kekurangan', 'notifikasi', 'massege', 'layar', 'notifikasi', 'lambat', 'membalas', 'pesan', 'client', 'mengakibatkan', 'telat', 'balas', 'pesan', 'hilang', 'deh', 'jaddh']","['aplikasi', 'bagus', 'kurang', 'notifikasi', 'massege', 'layar', 'notifikasi', 'lambat', 'balas', 'pesan', 'client', 'akibat', 'telat', 'balas', 'pesan', 'hilang', 'deh', 'jaddh']",aplikasi bagus kurang notifikasi massege layar notifikasi lambat balas pesan client akibat telat balas pesan hilang deh jaddh
yogi isnanda putra,"Oke, smeoga lebih lancar",5,2022-01-22 14:00:16,0,positif,id,"oke, smeoga lebih lancar",oke smeoga lebih lancar,"['oke', 'smeoga', 'lebih', 'lancar']","['oke', 'smeoga', 'lancar']","['oke', 'smeoga', 'lancar']",oke smeoga lancar
Ghani Arman,"Easy to use, and help me with freelance",5,2022-01-21 01:41:31,1,positif,en,"easy to use, and help me with freelance",easy to use and help me with freelance,"['easy', 'to', 'use', 'and', 'help', 'me', 'with', 'freelance']","['easy', 'use', 'help', 'freelance']","['easi', 'use', 'help', 'freelanc']",easi use help freelanc
黃光力 Aris Dwi Miliyansah,Bintang 3 dulu sampai gw dapet client,3,2022-01-15 07:58:05,2,netral,id,bintang 3 dulu sampai gw dapet client,bintang  dulu sampai gw dapet client,"['bintang', 'dulu', 'sampai', 'gw', 'dapet', 'client']","['bintang', 'gw', 'dapet', 'client']","['bintang', 'gw', 'dapet', 'client']",bintang gw dapet client
merdian dwi,mengesankan,5,2022-01-13 23:36:56,0,positif,id,mengesankan,mengesankan,['mengesankan'],['mengesankan'],['kesan'],kesan
zarky ahmad,Bagus tapi sejauh ini blm ada job yg bisa saya dapatkan.,4,2022-01-13 06:31:49,9,positif,id,bagus tapi sejauh ini blm ada job yg bisa saya dapatkan.,bagus tapi sejauh ini blm ada job yg bisa saya dapatkan,"['bagus', 'tapi', 'sejauh', 'ini', 'blm', 'ada', 'job', 'yg', 'bisa', 'saya', 'dapatkan']","['bagus', 'blm', 'job', 'yg', 'dapatkan']","['bagus', 'blm', 'job', 'yg', 'dapat']",bagus blm job yg dapat
Diaz Varel,"When i'm about to upload my photo, lemotnya minta ampun. Photo is required but why it's loading sooo annoying. Please improve it.",2,2022-01-11 17:28:51,0,negatif,en,"when i'm about to upload my photo, lemotnya minta ampun. photo is required but why it's loading sooo annoying. please improve it.",when im about to upload my photo lemotnya minta ampun photo is required but why its loading sooo annoying please improve it,"['when', 'im', 'about', 'to', 'upload', 'my', 'photo', 'lemotnya', 'minta', 'ampun', 'photo', 'is', 'required', 'but', 'why', 'its', 'loading', 'sooo', 'annoying', 'please', 'improve', 'it']","['im', 'upload', 'photo', 'lemotnya', 'minta', 'ampun', 'photo', 'required', 'loading', 'sooo', 'annoying', 'please', 'improve']","['im', 'upload', 'photo', 'lemotnya', 'minta', 'ampun', 'photo', 'requir', 'load', 'sooo', 'annoy', 'pleas', 'improv']",im upload photo lemotnya minta ampun photo requir load sooo annoy pleas improv
Abdul Karim Al-Hakim,Nice frelance app,5,2022-01-01 18:36:26,1,positif,en,nice frelance app,nice frelance app,"['nice', 'frelance', 'app']","['nice', 'frelance', 'app']","['nice', 'frelanc', 'app']",nice frelanc app
Boriel Lukman,Top,5,2021-12-31 12:03:28,0,positif,en,top,top,['top'],['top'],['top'],top
Laham Sihite,"Even though I haven't yet got a project, but this app is very potential to help make money",5,2021-12-30 21:13:57,0,positif,en,"even though i haven't yet got a project, but this app is very potential to help make money",even though i havent yet got a project but this app is very potential to help make money,"['even', 'though', 'i', 'havent', 'yet', 'got', 'a', 'project', 'but', 'this', 'app', 'is', 'very', 'potential', 'to', 'help', 'make', 'money']","['even', 'though', 'havent', 'yet', 'got', 'project', 'app', 'potential', 'help', 'make', 'money']","['even', 'though', 'havent', 'yet', 'got', 'project', 'app', 'potenti', 'help', 'make', 'money']",even though havent yet got project app potenti help make money
Asistutor,"I've never got a job on this application, later after I get a job I will give 5 stars.",3,2021-12-23 14:40:32,0,netral,en,"i've never got a job on this application, later after i get a job i will give 5 stars.",ive never got a job on this application later after i get a job i will give  stars,"['ive', 'never', 'got', 'a', 'job', 'on', 'this', 'application', 'later', 'after', 'i', 'get', 'a', 'job', 'i', 'will', 'give', 'stars']","['ive', 'never', 'got', 'job', 'application', 'later', 'get', 'job', 'give', 'stars']","['ive', 'never', 'got', 'job', 'applic', 'later', 'get', 'job', 'give', 'star']",ive never got job applic later get job give star
stevani lm,"Aplikasinya bagus, membantu para freelancer untuk mendapatkan pekerjaan",5,2021-12-18 07:03:06,3,positif,id,"aplikasinya bagus, membantu para freelancer untuk mendapatkan pekerjaan",aplikasinya bagus membantu para freelancer untuk mendapatkan pekerjaan,"['aplikasinya', 'bagus', 'membantu', 'para', 'freelancer', 'untuk', 'mendapatkan', 'pekerjaan']","['aplikasinya', 'bagus', 'membantu', 'freelancer', 'pekerjaan']","['aplikasi', 'bagus', 'bantu', 'freelancer', 'kerja']",aplikasi bagus bantu freelancer kerja
Redha Noormansyah,Great,5,2021-12-16 18:12:47,0,positif,en,great,great,['great'],['great'],['great'],great
Mu'min,Masih belajar :),5,2021-12-13 15:02:38,6,positif,id,masih belajar :),masih belajar,"['masih', 'belajar']",['belajar'],['ajar'],ajar
Ternak Ayam,Great app,5,2021-12-09 10:29:59,0,positif,en,great app,great app,"['great', 'app']","['great', 'app']","['great', 'app']",great app
Reza Fachruddin,best application,5,2021-12-08 01:14:56,0,positif,en,best application,best application,"['best', 'application']","['best', 'application']","['best', 'applic']",best applic
Muhammad Lutfi,"Aplikasinya banyak yang nipu/scammer. Masa pihak yang ngehire nyuruh buat ngedeposit dulu uangnya baru nanti bakal diterima kerja. Kan kalau gitu bikin kita jadi rugi connectnya. Udah gitu hoki-hokian banget sih ini mau ngajuin, udah punya rating bagus tpi ternyata tetep gak dapet2. Kalau mau ngajuin lahi harus beli, padahal biaya admin dari fee aja udah besar. DASAR KAPITALIS BANGET INI APLIKASI. Satu hal lagi ni aplikasi sumpah lemot banget mau nge submit aja lama loadingnya",1,2021-11-30 07:43:35,176,negatif,id,"aplikasinya banyak yang nipu/scammer. masa pihak yang ngehire nyuruh buat ngedeposit dulu uangnya baru nanti bakal diterima kerja. kan kalau gitu bikin kita jadi rugi connectnya. udah gitu hoki-hokian banget sih ini mau ngajuin, udah punya rating bagus tpi ternyata tetep gak dapet2. kalau mau ngajuin lahi harus beli, padahal biaya admin dari fee aja udah besar. dasar kapitalis banget ini aplikasi. satu hal lagi ni aplikasi sumpah lemot banget mau nge submit aja lama loadingnya",aplikasinya banyak yang nipuscammer masa pihak yang ngehire nyuruh buat ngedeposit dulu uangnya baru nanti bakal diterima kerja kan kalau gitu bikin kita jadi rugi connectnya udah gitu hokihokian banget sih ini mau ngajuin udah punya rating bagus tpi ternyata tetep gak dapet kalau mau ngajuin lahi harus beli padahal biaya admin dari fee aja udah besar dasar kapitalis banget ini aplikasi satu hal lagi ni aplikasi sumpah lemot banget mau nge submit aja lama loadingnya,"['aplikasinya', 'banyak', 'yang', 'nipuscammer', 'masa', 'pihak', 'yang', 'ngehire', 'nyuruh', 'buat', 'ngedeposit', 'dulu', 'uangnya', 'baru', 'nanti', 'bakal', 'diterima', 'kerja', 'kan', 'kalau', 'gitu', 'bikin', 'kita', 'jadi', 'rugi', 'connectnya', 'udah', 'gitu', 'hokihokian', 'banget', 'sih', 'ini', 'mau', 'ngajuin', 'udah', 'punya', 'rating', 'bagus', 'tpi', 'ternyata', 'tetep', 'gak', 'dapet', 'kalau', 'mau', 'ngajuin', 'lahi', 'harus', 'beli', 'padahal', 'biaya', 'admin', 'dari', 'fee', 'aja', 'udah', 'besar', 'dasar', 'kapitalis', 'banget', 'ini', 'aplikasi', 'satu', 'hal', 'lagi', 'ni', 'aplikasi', 'sumpah', 'lemot', 'banget', 'mau', 'nge', 'submit', 'aja', 'lama', 'loadingnya']","['aplikasinya', 'nipuscammer', 'ngehire', 'nyuruh', 'ngedeposit', 'uangnya', 'diterima', 'kerja', 'gitu', 'bikin', 'rugi', 'connectnya', 'udah', 'gitu', 'hokihokian', 'banget', 'sih', 'ngajuin', 'udah', 'rating', 'bagus', 'tpi', 'tetep', 'gak', 'dapet', 'ngajuin', 'lahi', 'beli', 'biaya', 'admin', 'fee', 'aja', 'udah', 'dasar', 'kapitalis', 'banget', 'aplikasi', 'ni', 'aplikasi', 'sumpah', 'lemot', 'banget', 'nge', 'submit', 'aja', 'loadingnya']","['aplikasi', 'nipuscammer', 'ngehire', 'nyuruh', 'ngedeposit', 'uang', 'terima', 'kerja', 'gitu', 'bikin', 'rugi', 'connectnya', 'udah', 'gitu', 'hokihokian', 'banget', 'sih', 'ngajuin', 'udah', 'rating', 'bagus', 'tpi', 'tetep', 'gak', 'dapet', 'ngajuin', 'lah', 'beli', 'biaya', 'admin', 'fee', 'aja', 'udah', 'dasar', 'kapitalis', 'banget', 'aplikasi', 'ni', 'aplikasi', 'sumpah', 'lot', 'banget', 'nge', 'submit', 'aja', 'loadingnya']",aplikasi nipuscammer ngehire nyuruh ngedeposit uang terima kerja gitu bikin rugi connectnya udah gitu hokihokian banget sih ngajuin udah rating bagus tpi tetep gak dapet ngajuin lah beli biaya admin fee aja udah dasar kapitalis banget aplikasi ni aplikasi sumpah lot banget nge submit aja loadingnya
Rizal Maulana Fikri,Motivated,5,2021-11-29 07:29:49,0,positif,en,motivated,motivated,['motivated'],['motivated'],['motiv'],motiv
Banda Nizi,"easy interface, nice application.",5,2021-11-29 04:29:53,0,positif,en,"easy interface, nice application.",easy interface nice application,"['easy', 'interface', 'nice', 'application']","['easy', 'interface', 'nice', 'application']","['easi', 'interfac', 'nice', 'applic']",easi interfac nice applic
Marcelino Tong,Great,5,2021-11-18 09:45:18,0,positif,en,great,great,['great'],['great'],['great'],great
Sintia 21,Apk nya bagus cuman belum ada job aja yang nyangkuttt padahal udah ngirim proposal ke banyakan tapi belum ada balesan,5,2021-11-16 12:44:41,21,positif,id,apk nya bagus cuman belum ada job aja yang nyangkuttt padahal udah ngirim proposal ke banyakan tapi belum ada balesan,apk nya bagus cuman belum ada job aja yang nyangkuttt padahal udah ngirim proposal ke banyakan tapi belum ada balesan,"['apk', 'nya', 'bagus', 'cuman', 'belum', 'ada', 'job', 'aja', 'yang', 'nyangkuttt', 'padahal', 'udah', 'ngirim', 'proposal', 'ke', 'banyakan', 'tapi', 'belum', 'ada', 'balesan']","['apk', 'nya', 'bagus', 'cuman', 'job', 'aja', 'nyangkuttt', 'udah', 'ngirim', 'proposal', 'banyakan', 'balesan']","['apk', 'nya', 'bagus', 'cuman', 'job', 'aja', 'nyangkuttt', 'udah', 'ngirim', 'proposal', 'banyak', 'balesan']",apk nya bagus cuman job aja nyangkuttt udah ngirim proposal banyak balesan
Iffat Lathoif,Good app,5,2021-11-16 12:24:19,0,positif,en,good app,good app,"['good', 'app']","['good', 'app']","['good', 'app']",good app
Rizky septianti anugrah,Recommended! Sangat membantu para pekerjaan freelance. Thanks upwork dan lowongan kerja yg kupilih.,5,2021-11-04 01:32:37,15,positif,id,recommended! sangat membantu para pekerjaan freelance. thanks upwork dan lowongan kerja yg kupilih.,recommended sangat membantu para pekerjaan freelance thanks upwork dan lowongan kerja yg kupilih,"['recommended', 'sangat', 'membantu', 'para', 'pekerjaan', 'freelance', 'thanks', 'upwork', 'dan', 'lowongan', 'kerja', 'yg', 'kupilih']","['recommended', 'membantu', 'pekerjaan', 'freelance', 'thanks', 'upwork', 'lowongan', 'kerja', 'yg', 'kupilih']","['recommended', 'bantu', 'kerja', 'freelance', 'thanks', 'upwork', 'lowong', 'kerja', 'yg', 'pilih']",recommended bantu kerja freelance thanks upwork lowong kerja yg pilih
Evanderzen Martin,I like this app,5,2021-11-03 07:54:56,0,positif,en,i like this app,i like this app,"['i', 'like', 'this', 'app']","['like', 'app']","['like', 'app']",like app
Rizka Silvia,sangat membantu menemukan pekerjaan yang cocok untuk saya,5,2021-11-01 02:43:09,9,positif,id,sangat membantu menemukan pekerjaan yang cocok untuk saya,sangat membantu menemukan pekerjaan yang cocok untuk saya,"['sangat', 'membantu', 'menemukan', 'pekerjaan', 'yang', 'cocok', 'untuk', 'saya']","['membantu', 'menemukan', 'pekerjaan', 'cocok']","['bantu', 'temu', 'kerja', 'cocok']",bantu temu kerja cocok
billmaxsun Zai,Very useful dan helpful. I hope this is excellent app,5,2021-10-19 04:34:55,0,positif,en,very useful dan helpful. i hope this is excellent app,very useful dan helpful i hope this is excellent app,"['very', 'useful', 'dan', 'helpful', 'i', 'hope', 'this', 'is', 'excellent', 'app']","['useful', 'dan', 'helpful', 'hope', 'excellent', 'app']","['use', 'dan', 'help', 'hope', 'excel', 'app']",use dan help hope excel app
Rahman Permadani,Good aplication,3,2021-10-15 16:09:28,0,netral,en,good aplication,good aplication,"['good', 'aplication']","['good', 'aplication']","['good', 'aplic']",good aplic
syaoran sakura,"Kok saya buka, appnya kluar mulu",3,2021-10-06 03:17:48,1,netral,id,"kok saya buka, appnya kluar mulu",kok saya buka appnya kluar mulu,"['kok', 'saya', 'buka', 'appnya', 'kluar', 'mulu']","['buka', 'appnya', 'kluar', 'mulu']","['buka', 'appnya', 'kluar', 'mulu']",buka appnya kluar mulu
titik terang,Up work aplikasi yang sangat bagus dan membantu buat para pencari kerja sampingan atau uang tambahan,5,2021-10-05 23:06:50,8,positif,id,up work aplikasi yang sangat bagus dan membantu buat para pencari kerja sampingan atau uang tambahan,up work aplikasi yang sangat bagus dan membantu buat para pencari kerja sampingan atau uang tambahan,"['up', 'work', 'aplikasi', 'yang', 'sangat', 'bagus', 'dan', 'membantu', 'buat', 'para', 'pencari', 'kerja', 'sampingan', 'atau', 'uang', 'tambahan']","['up', 'work', 'aplikasi', 'bagus', 'membantu', 'pencari', 'kerja', 'sampingan', 'uang', 'tambahan']","['up', 'work', 'aplikasi', 'bagus', 'bantu', 'cari', 'kerja', 'samping', 'uang', 'tambah']",up work aplikasi bagus bantu cari kerja samping uang tambah
Dewi Suciati,Great,5,2021-09-26 10:10:29,0,positif,en,great,great,['great'],['great'],['great'],great
enggar Wiyati,Aplikasi yang sangat membantu,5,2021-09-24 14:30:07,2,positif,id,aplikasi yang sangat membantu,aplikasi yang sangat membantu,"['aplikasi', 'yang', 'sangat', 'membantu']","['aplikasi', 'membantu']","['aplikasi', 'bantu']",aplikasi bantu
Mahdi Muiz,Great,5,2021-09-23 08:14:31,0,positif,en,great,great,['great'],['great'],['great'],great
Fauzi Ahmad Maulana,Tiap mau isi data malah kembali teross,1,2021-09-17 13:07:48,1,negatif,id,tiap mau isi data malah kembali teross,tiap mau isi data malah kembali teross,"['tiap', 'mau', 'isi', 'data', 'malah', 'kembali', 'teross']","['isi', 'data', 'teross']","['isi', 'data', 'teross']",isi data teross
Maulana Fajar Wandhiro,Mantapz,5,2021-09-15 15:40:05,0,positif,id,mantapz,mantapz,['mantapz'],['mantapz'],['mantapz'],mantapz
Sarah Sov,"Kacau! Gbisa upload foto profile dan selama proses pembuatan akun sama sekali gbisa nmbahin data di add experience yg jdinya gw gbisa bkin akun gegara gbisa menuhin data"" tsb.",1,2021-09-13 02:05:11,5,negatif,id,"kacau! gbisa upload foto profile dan selama proses pembuatan akun sama sekali gbisa nmbahin data di add experience yg jdinya gw gbisa bkin akun gegara gbisa menuhin data"" tsb.",kacau gbisa upload foto profile dan selama proses pembuatan akun sama sekali gbisa nmbahin data di add experience yg jdinya gw gbisa bkin akun gegara gbisa menuhin data tsb,"['kacau', 'gbisa', 'upload', 'foto', 'profile', 'dan', 'selama', 'proses', 'pembuatan', 'akun', 'sama', 'sekali', 'gbisa', 'nmbahin', 'data', 'di', 'add', 'experience', 'yg', 'jdinya', 'gw', 'gbisa', 'bkin', 'akun', 'gegara', 'gbisa', 'menuhin', 'data', 'tsb']","['kacau', 'gbisa', 'upload', 'foto', 'profile', 'proses', 'pembuatan', 'akun', 'gbisa', 'nmbahin', 'data', 'add', 'experience', 'yg', 'jdinya', 'gw', 'gbisa', 'bkin', 'akun', 'gegara', 'gbisa', 'menuhin', 'data', 'tsb']","['kacau', 'gbisa', 'upload', 'foto', 'profile', 'proses', 'buat', 'akun', 'gbisa', 'nmbahin', 'data', 'add', 'experience', 'yg', 'jdinya', 'gw', 'gbisa', 'bkin', 'akun', 'gegara', 'gbisa', 'menuhin', 'data', 'tsb']",kacau gbisa upload foto profile proses buat akun gbisa nmbahin data add experience yg jdinya gw gbisa bkin akun gegara gbisa menuhin data tsb
Yandri Desfiardi,masih belum dapat job,3,2021-09-09 12:49:51,0,netral,id,masih belum dapat job,masih belum dapat job,"['masih', 'belum', 'dapat', 'job']",['job'],['job'],job
m. rafiq,Membantu,5,2021-09-08 00:08:27,0,positif,id,membantu,membantu,['membantu'],['membantu'],['bantu'],bantu
Hafies dwi priyadi,"Reload, reload and reload, this app update especialy messages Page did not work properly.",1,2021-09-04 19:47:56,0,negatif,en,"reload, reload and reload, this app update especialy messages page did not work properly.",reload reload and reload this app update especialy messages page did not work properly,"['reload', 'reload', 'and', 'reload', 'this', 'app', 'update', 'especialy', 'messages', 'page', 'did', 'not', 'work', 'properly']","['reload', 'reload', 'reload', 'app', 'update', 'especialy', 'messages', 'page', 'work', 'properly']","['reload', 'reload', 'reload', 'app', 'updat', 'especiali', 'messag', 'page', 'work', 'properli']",reload reload reload app updat especiali messag page work properli
3DS,Top,5,2021-09-03 09:03:05,0,positif,en,top,top,['top'],['top'],['top'],top
Nur Mukhlis,I like this aplication...,5,2021-09-02 20:14:43,0,positif,en,i like this aplication...,i like this aplication,"['i', 'like', 'this', 'aplication']","['like', 'aplication']","['like', 'aplic']",like aplic
Kew Coder,I live you upwork,5,2021-09-02 17:35:24,0,positif,en,i live you upwork,i live you upwork,"['i', 'live', 'you', 'upwork']","['live', 'upwork']","['live', 'upwork']",live upwork
Partiture World,Thankyou,5,2021-08-25 21:46:53,0,positif,en,thankyou,thankyou,['thankyou'],['thankyou'],['thankyou'],thankyou
Sri Nurjanna,udah ajukan proposal tapi blm di acc. semoga bisa dapat kerjaan deh. ntar kalau udah dapat kerjaan dan udah beneran di bayar aku balik lagi kasih 5 bintang,4,2021-08-23 23:09:09,36,positif,id,udah ajukan proposal tapi blm di acc. semoga bisa dapat kerjaan deh. ntar kalau udah dapat kerjaan dan udah beneran di bayar aku balik lagi kasih 5 bintang,udah ajukan proposal tapi blm di acc semoga bisa dapat kerjaan deh ntar kalau udah dapat kerjaan dan udah beneran di bayar aku balik lagi kasih  bintang,"['udah', 'ajukan', 'proposal', 'tapi', 'blm', 'di', 'acc', 'semoga', 'bisa', 'dapat', 'kerjaan', 'deh', 'ntar', 'kalau', 'udah', 'dapat', 'kerjaan', 'dan', 'udah', 'beneran', 'di', 'bayar', 'aku', 'balik', 'lagi', 'kasih', 'bintang']","['udah', 'ajukan', 'proposal', 'blm', 'acc', 'semoga', 'kerjaan', 'deh', 'ntar', 'udah', 'kerjaan', 'udah', 'beneran', 'bayar', 'kasih', 'bintang']","['udah', 'aju', 'proposal', 'blm', 'acc', 'moga', 'kerja', 'deh', 'ntar', 'udah', 'kerja', 'udah', 'beneran', 'bayar', 'kasih', 'bintang']",udah aju proposal blm acc moga kerja deh ntar udah kerja udah beneran bayar kasih bintang
Hendri A,Bagus cuma notifikasi nya kok gak masuk ya kalau ada pesan masuk 😭,5,2021-08-22 12:48:22,10,positif,id,bagus cuma notifikasi nya kok gak masuk ya kalau ada pesan masuk 😭,bagus cuma notifikasi nya kok gak masuk ya kalau ada pesan masuk,"['bagus', 'cuma', 'notifikasi', 'nya', 'kok', 'gak', 'masuk', 'ya', 'kalau', 'ada', 'pesan', 'masuk']","['bagus', 'notifikasi', 'nya', 'gak', 'masuk', 'ya', 'pesan', 'masuk']","['bagus', 'notifikasi', 'nya', 'gak', 'masuk', 'ya', 'pesan', 'masuk']",bagus notifikasi nya gak masuk ya pesan masuk
Arief Simbara,Good for looking online job,5,2021-08-17 03:52:17,0,positif,en,good for looking online job,good for looking online job,"['good', 'for', 'looking', 'online', 'job']","['good', 'looking', 'online', 'job']","['good', 'look', 'onlin', 'job']",good look onlin job
KAMAL KAMALUDIN,Great,5,2021-08-13 06:55:56,1,positif,en,great,great,['great'],['great'],['great'],great
"Yuhendri ,",Great apps,5,2021-08-11 11:28:02,0,positif,en,great apps,great apps,"['great', 'apps']","['great', 'apps']","['great', 'app']",great app
Nico Lukas Setiawan,Good application for freelancer,5,2021-08-10 12:07:58,0,positif,en,good application for freelancer,good application for freelancer,"['good', 'application', 'for', 'freelancer']","['good', 'application', 'freelancer']","['good', 'applic', 'freelanc']",good applic freelanc
Cinung Life,Sumber pemasukan setelah di kick dari sebelah,5,2021-08-03 06:41:54,4,positif,id,sumber pemasukan setelah di kick dari sebelah,sumber pemasukan setelah di kick dari sebelah,"['sumber', 'pemasukan', 'setelah', 'di', 'kick', 'dari', 'sebelah']","['sumber', 'pemasukan', 'kick', 'sebelah']","['sumber', 'pasu', 'kick', 'belah']",sumber pasu kick belah
Danang Givantoro,"Aplikasi ini adalah terobosan yang hebat,untuk mempertemukan jasa dan client. Aplikasi yang mudah diakses dan cepat. Good",5,2021-08-02 02:43:58,18,positif,id,"aplikasi ini adalah terobosan yang hebat,untuk mempertemukan jasa dan client. aplikasi yang mudah diakses dan cepat. good",aplikasi ini adalah terobosan yang hebatuntuk mempertemukan jasa dan client aplikasi yang mudah diakses dan cepat good,"['aplikasi', 'ini', 'adalah', 'terobosan', 'yang', 'hebatuntuk', 'mempertemukan', 'jasa', 'dan', 'client', 'aplikasi', 'yang', 'mudah', 'diakses', 'dan', 'cepat', 'good']","['aplikasi', 'terobosan', 'hebatuntuk', 'mempertemukan', 'jasa', 'client', 'aplikasi', 'mudah', 'diakses', 'cepat', 'good']","['aplikasi', 'terobos', 'hebatuntuk', 'temu', 'jasa', 'client', 'aplikasi', 'mudah', 'akses', 'cepat', 'good']",aplikasi terobos hebatuntuk temu jasa client aplikasi mudah akses cepat good
PRIDERS TV,Sangat penting buat freelancer seperti saya,5,2021-07-31 15:29:19,0,positif,id,sangat penting buat freelancer seperti saya,sangat penting buat freelancer seperti saya,"['sangat', 'penting', 'buat', 'freelancer', 'seperti', 'saya']",['freelancer'],['freelancer'],freelancer
Rion Fransdela,"Bagus sekali, baru daftar 3 hari langsung dapat pekerjaan",5,2021-07-29 05:51:44,18,positif,id,"bagus sekali, baru daftar 3 hari langsung dapat pekerjaan",bagus sekali baru daftar  hari langsung dapat pekerjaan,"['bagus', 'sekali', 'baru', 'daftar', 'hari', 'langsung', 'dapat', 'pekerjaan']","['bagus', 'daftar', 'langsung', 'pekerjaan']","['bagus', 'daftar', 'langsung', 'kerja']",bagus daftar langsung kerja
Abdullah Farrasarib Tsani,Can't login.,2,2021-07-28 13:43:28,0,negatif,en,can't login.,cant login,"['cant', 'login']","['cant', 'login']","['cant', 'login']",cant login
Edy Heronimus,Menyenangkan,5,2021-07-25 02:47:13,1,positif,id,menyenangkan,menyenangkan,['menyenangkan'],['menyenangkan'],['senang'],senang
andi setiawan,Get job never so easy with this app,5,2021-07-25 02:42:50,0,positif,en,get job never so easy with this app,get job never so easy with this app,"['get', 'job', 'never', 'so', 'easy', 'with', 'this', 'app']","['get', 'job', 'never', 'easy', 'app']","['get', 'job', 'never', 'easi', 'app']",get job never easi app
Moh Yusril Firmansyah,"Saya senang menggunakan aplikasi ini, bisa monitoring jika ada client yang masuk dan nyaman dalam menggunakannya dan terus berkembang. Terima Kasih",5,2021-07-23 04:25:03,3,positif,id,"saya senang menggunakan aplikasi ini, bisa monitoring jika ada client yang masuk dan nyaman dalam menggunakannya dan terus berkembang. terima kasih",saya senang menggunakan aplikasi ini bisa monitoring jika ada client yang masuk dan nyaman dalam menggunakannya dan terus berkembang terima kasih,"['saya', 'senang', 'menggunakan', 'aplikasi', 'ini', 'bisa', 'monitoring', 'jika', 'ada', 'client', 'yang', 'masuk', 'dan', 'nyaman', 'dalam', 'menggunakannya', 'dan', 'terus', 'berkembang', 'terima', 'kasih']","['senang', 'aplikasi', 'monitoring', 'client', 'masuk', 'nyaman', 'menggunakannya', 'berkembang', 'terima', 'kasih']","['senang', 'aplikasi', 'monitoring', 'client', 'masuk', 'nyaman', 'guna', 'kembang', 'terima', 'kasih']",senang aplikasi monitoring client masuk nyaman guna kembang terima kasih
Aziz Muslim (Z),"Biar belum dapat job, saya kasih full",5,2021-07-21 08:22:35,0,positif,id,"biar belum dapat job, saya kasih full",biar belum dapat job saya kasih full,"['biar', 'belum', 'dapat', 'job', 'saya', 'kasih', 'full']","['biar', 'job', 'kasih', 'full']","['biar', 'job', 'kasih', 'full']",biar job kasih full
Mas Apin,Good application,5,2021-07-20 04:36:52,0,positif,en,good application,good application,"['good', 'application']","['good', 'application']","['good', 'applic']",good applic
Rike Aprilia,"Aplikasi yang sangat membantu untuk mendapatkan pekerjaan sebagai freelancer, terima kasih",5,2021-07-15 02:43:09,14,positif,id,"aplikasi yang sangat membantu untuk mendapatkan pekerjaan sebagai freelancer, terima kasih",aplikasi yang sangat membantu untuk mendapatkan pekerjaan sebagai freelancer terima kasih,"['aplikasi', 'yang', 'sangat', 'membantu', 'untuk', 'mendapatkan', 'pekerjaan', 'sebagai', 'freelancer', 'terima', 'kasih']","['aplikasi', 'membantu', 'pekerjaan', 'freelancer', 'terima', 'kasih']","['aplikasi', 'bantu', 'kerja', 'freelancer', 'terima', 'kasih']",aplikasi bantu kerja freelancer terima kasih
Muhammad Khoirul Anwar,"I gave this rate for first, may can change after forward, but overrall's good app",4,2021-07-13 07:54:03,1,positif,en,"i gave this rate for first, may can change after forward, but overrall's good app",i gave this rate for first may can change after forward but overralls good app,"['i', 'gave', 'this', 'rate', 'for', 'first', 'may', 'can', 'change', 'after', 'forward', 'but', 'overralls', 'good', 'app']","['gave', 'rate', 'first', 'may', 'change', 'forward', 'overralls', 'good', 'app']","['gave', 'rate', 'first', 'may', 'chang', 'forward', 'overral', 'good', 'app']",gave rate first may chang forward overral good app
Rustini,Perfect,5,2021-07-09 10:20:39,0,positif,en,perfect,perfect,['perfect'],['perfect'],['perfect'],perfect
Pokemon Pet,I really like this app. It helps me finding the perfect job for me. Thank you,5,2021-07-07 13:53:39,1,positif,en,i really like this app. it helps me finding the perfect job for me. thank you,i really like this app it helps me finding the perfect job for me thank you,"['i', 'really', 'like', 'this', 'app', 'it', 'helps', 'me', 'finding', 'the', 'perfect', 'job', 'for', 'me', 'thank', 'you']","['really', 'like', 'app', 'helps', 'finding', 'perfect', 'job', 'thank']","['realli', 'like', 'app', 'help', 'find', 'perfect', 'job', 'thank']",realli like app help find perfect job thank
Hazid Nurdana,Highly recommended,5,2021-07-06 14:01:02,0,positif,en,highly recommended,highly recommended,"['highly', 'recommended']","['highly', 'recommended']","['highli', 'recommend']",highli recommend
jendra putra,"Susah dapet klien, terus kalau quota proposal habis harus beli, job nya aja belum dapet",1,2021-07-04 12:56:03,9,negatif,id,"susah dapet klien, terus kalau quota proposal habis harus beli, job nya aja belum dapet",susah dapet klien terus kalau quota proposal habis harus beli job nya aja belum dapet,"['susah', 'dapet', 'klien', 'terus', 'kalau', 'quota', 'proposal', 'habis', 'harus', 'beli', 'job', 'nya', 'aja', 'belum', 'dapet']","['susah', 'dapet', 'klien', 'quota', 'proposal', 'habis', 'beli', 'job', 'nya', 'aja', 'dapet']","['susah', 'dapet', 'klien', 'quota', 'proposal', 'habis', 'beli', 'job', 'nya', 'aja', 'dapet']",susah dapet klien quota proposal habis beli job nya aja dapet
Yadi Sobari,Ok banget,5,2021-07-04 04:37:39,0,positif,id,ok banget,ok banget,"['ok', 'banget']","['ok', 'banget']","['ok', 'banget']",ok banget
Muhammad Fadhil Albi,Nice one,5,2021-07-02 09:14:58,0,positif,en,nice one,nice one,"['nice', 'one']","['nice', 'one']","['nice', 'one']",nice one
AL GHINA SEJAHTERA,Tengkiu upwork smoga sy dpt byk job dr upwork..secara tampilan ok...digunakan jg enak..sukses trs upwork dan para freelancernya,5,2021-07-01 03:00:14,16,positif,id,tengkiu upwork smoga sy dpt byk job dr upwork..secara tampilan ok...digunakan jg enak..sukses trs upwork dan para freelancernya,tengkiu upwork smoga sy dpt byk job dr upworksecara tampilan okdigunakan jg enaksukses trs upwork dan para freelancernya,"['tengkiu', 'upwork', 'smoga', 'sy', 'dpt', 'byk', 'job', 'dr', 'upworksecara', 'tampilan', 'okdigunakan', 'jg', 'enaksukses', 'trs', 'upwork', 'dan', 'para', 'freelancernya']","['tengkiu', 'upwork', 'smoga', 'sy', 'dpt', 'byk', 'job', 'dr', 'upworksecara', 'tampilan', 'okdigunakan', 'jg', 'enaksukses', 'trs', 'upwork', 'freelancernya']","['tengkiu', 'upwork', 'smoga', 'sy', 'dpt', 'byk', 'job', 'dr', 'upworksecara', 'tampil', 'okdigunakan', 'jg', 'enaksukses', 'trs', 'upwork', 'freelancernya']",tengkiu upwork smoga sy dpt byk job dr upworksecara tampil okdigunakan jg enaksukses trs upwork freelancernya
Maz Anto,Mudah pemakaiannya. Semoga menjadi sumber rejeki ditengah pandemi seperti saat ini..,5,2021-06-23 22:58:16,9,positif,id,mudah pemakaiannya. semoga menjadi sumber rejeki ditengah pandemi seperti saat ini..,mudah pemakaiannya semoga menjadi sumber rejeki ditengah pandemi seperti saat ini,"['mudah', 'pemakaiannya', 'semoga', 'menjadi', 'sumber', 'rejeki', 'ditengah', 'pandemi', 'seperti', 'saat', 'ini']","['mudah', 'pemakaiannya', 'semoga', 'sumber', 'rejeki', 'ditengah', 'pandemi']","['mudah', 'pakai', 'moga', 'sumber', 'rejeki', 'tengah', 'pandemi']",mudah pakai moga sumber rejeki tengah pandemi
Pusat kosmetik murah,Good job for upwork team...,5,2021-06-23 22:46:10,0,positif,en,good job for upwork team...,good job for upwork team,"['good', 'job', 'for', 'upwork', 'team']","['good', 'job', 'upwork', 'team']","['good', 'job', 'upwork', 'team']",good job upwork team
Riko,Semoga rejekinya di sini,5,2021-06-22 14:23:40,7,positif,id,semoga rejekinya di sini,semoga rejekinya di sini,"['semoga', 'rejekinya', 'di', 'sini']","['semoga', 'rejekinya']","['moga', 'rejekinya']",moga rejekinya
Jahid Ulul Azmi,"Nice app, very help me",5,2021-06-20 06:33:49,0,positif,en,"nice app, very help me",nice app very help me,"['nice', 'app', 'very', 'help', 'me']","['nice', 'app', 'help']","['nice', 'app', 'help']",nice app help
aji kurnia,Outstanding experience,5,2021-06-09 12:56:25,0,positif,en,outstanding experience,outstanding experience,"['outstanding', 'experience']","['outstanding', 'experience']","['outstand', 'experi']",outstand experi
widodo hadi nugroho,Walaupun sudah 1 minggu blm dpt order tetap semangat.,5,2021-05-27 12:11:20,8,positif,id,walaupun sudah 1 minggu blm dpt order tetap semangat.,walaupun sudah  minggu blm dpt order tetap semangat,"['walaupun', 'sudah', 'minggu', 'blm', 'dpt', 'order', 'tetap', 'semangat']","['minggu', 'blm', 'dpt', 'order', 'semangat']","['minggu', 'blm', 'dpt', 'order', 'semangat']",minggu blm dpt order semangat
Hadi Nugroho,New bie /blum menikmati hasil dari upwork,5,2021-05-27 09:06:21,2,positif,id,new bie /blum menikmati hasil dari upwork,new bie blum menikmati hasil dari upwork,"['new', 'bie', 'blum', 'menikmati', 'hasil', 'dari', 'upwork']","['new', 'bie', 'blum', 'menikmati', 'hasil', 'upwork']","['new', 'bie', 'blum', 'nikmat', 'hasil', 'upwork']",new bie blum nikmat hasil upwork
yosept panji wiyogo,Greattt,5,2021-05-26 14:32:59,0,positif,en,greattt,greattt,['greattt'],['greattt'],['greattt'],greattt
Feri Markos,Coba Coba dulu semoga ada rejekinya disini. Aamiin,5,2021-05-24 08:02:56,4,positif,id,coba coba dulu semoga ada rejekinya disini. aamiin,coba coba dulu semoga ada rejekinya disini aamiin,"['coba', 'coba', 'dulu', 'semoga', 'ada', 'rejekinya', 'disini', 'aamiin']","['coba', 'coba', 'semoga', 'rejekinya', 'aamiin']","['coba', 'coba', 'moga', 'rejekinya', 'aamiin']",coba coba moga rejekinya aamiin
ahmad Subardan,"I still learn about this app, but i like this app for developing my skill,",5,2021-05-23 07:09:44,0,positif,en,"i still learn about this app, but i like this app for developing my skill,",i still learn about this app but i like this app for developing my skill,"['i', 'still', 'learn', 'about', 'this', 'app', 'but', 'i', 'like', 'this', 'app', 'for', 'developing', 'my', 'skill']","['still', 'learn', 'app', 'like', 'app', 'developing', 'skill']","['still', 'learn', 'app', 'like', 'app', 'develop', 'skill']",still learn app like app develop skill
Andalas,Recommended app for Freelancer 👍🏻,4,2021-05-19 22:28:26,0,positif,en,recommended app for freelancer 👍🏻,recommended app for freelancer,"['recommended', 'app', 'for', 'freelancer']","['recommended', 'app', 'freelancer']","['recommend', 'app', 'freelanc']",recommend app freelanc
Wency tandean,Bt cari kerja ol ok.,5,2021-05-19 01:50:14,5,positif,id,bt cari kerja ol ok.,bt cari kerja ol ok,"['bt', 'cari', 'kerja', 'ol', 'ok']","['bt', 'cari', 'kerja', 'ol', 'ok']","['bt', 'cari', 'kerja', 'ol', 'ok']",bt cari kerja ol ok
Cecep Cahyana,Help me get in touch faster with the job,5,2021-05-18 00:13:50,1,positif,en,help me get in touch faster with the job,help me get in touch faster with the job,"['help', 'me', 'get', 'in', 'touch', 'faster', 'with', 'the', 'job']","['help', 'get', 'touch', 'faster', 'job']","['help', 'get', 'touch', 'faster', 'job']",help get touch faster job
riadon nasikin,"Good apps, but much people make fake work...",5,2021-05-06 20:28:21,0,positif,en,"good apps, but much people make fake work...",good apps but much people make fake work,"['good', 'apps', 'but', 'much', 'people', 'make', 'fake', 'work']","['good', 'apps', 'much', 'people', 'make', 'fake', 'work']","['good', 'app', 'much', 'peopl', 'make', 'fake', 'work']",good app much peopl make fake work
Dicky Wahyudhi,Fitur hampir sama dgn versi web. Memudahkan bagi para freelancer yang mobile.,5,2021-05-06 10:09:00,13,positif,id,fitur hampir sama dgn versi web. memudahkan bagi para freelancer yang mobile.,fitur hampir sama dgn versi web memudahkan bagi para freelancer yang mobile,"['fitur', 'hampir', 'sama', 'dgn', 'versi', 'web', 'memudahkan', 'bagi', 'para', 'freelancer', 'yang', 'mobile']","['fitur', 'dgn', 'versi', 'web', 'memudahkan', 'freelancer', 'mobile']","['fitur', 'dgn', 'versi', 'web', 'mudah', 'freelancer', 'mobile']",fitur dgn versi web mudah freelancer mobile
Azis R,Great,5,2021-05-05 07:54:11,0,positif,en,great,great,['great'],['great'],['great'],great
Di Komik Studio,"Great aplications , good",5,2021-05-02 15:50:07,0,positif,en,"great aplications , good",great aplications  good,"['great', 'aplications', 'good']","['great', 'aplications', 'good']","['great', 'aplic', 'good']",great aplic good
Muhammad Nur Bijak Bestari,I hope i got a job hehe,5,2021-05-01 10:08:53,0,positif,en,i hope i got a job hehe,i hope i got a job hehe,"['i', 'hope', 'i', 'got', 'a', 'job', 'hehe']","['hope', 'got', 'job', 'hehe']","['hope', 'got', 'job', 'hehe']",hope got job hehe
DWI KRISTIYANTO,Focus freelancer needed,5,2021-04-30 05:47:18,0,positif,en,focus freelancer needed,focus freelancer needed,"['focus', 'freelancer', 'needed']","['focus', 'freelancer', 'needed']","['focu', 'freelanc', 'need']",focu freelanc need
Ahmad Sulaiman,Best app for world wide freelancer,5,2021-04-28 08:37:52,1,positif,en,best app for world wide freelancer,best app for world wide freelancer,"['best', 'app', 'for', 'world', 'wide', 'freelancer']","['best', 'app', 'world', 'wide', 'freelancer']","['best', 'app', 'world', 'wide', 'freelanc']",best app world wide freelanc
Bryan Pamungkas,Good app to help freelancer to find many client in the world,5,2021-04-27 13:21:17,0,positif,en,good app to help freelancer to find many client in the world,good app to help freelancer to find many client in the world,"['good', 'app', 'to', 'help', 'freelancer', 'to', 'find', 'many', 'client', 'in', 'the', 'world']","['good', 'app', 'help', 'freelancer', 'find', 'many', 'client', 'world']","['good', 'app', 'help', 'freelanc', 'find', 'mani', 'client', 'world']",good app help freelanc find mani client world
adi sandi,Good apps,5,2021-04-25 04:13:25,0,positif,en,good apps,good apps,"['good', 'apps']","['good', 'apps']","['good', 'app']",good app
data ngasal,"Great app, a very helpful application for freelance job seekers Easy to use, lots of job offers",5,2021-04-24 04:40:07,1,positif,en,"great app, a very helpful application for freelance job seekers easy to use, lots of job offers",great app a very helpful application for freelance job seekers easy to use lots of job offers,"['great', 'app', 'a', 'very', 'helpful', 'application', 'for', 'freelance', 'job', 'seekers', 'easy', 'to', 'use', 'lots', 'of', 'job', 'offers']","['great', 'app', 'helpful', 'application', 'freelance', 'job', 'seekers', 'easy', 'use', 'lots', 'job', 'offers']","['great', 'app', 'help', 'applic', 'freelanc', 'job', 'seeker', 'easi', 'use', 'lot', 'job', 'offer']",great app help applic freelanc job seeker easi use lot job offer
Andi Prawito,Thank you,5,2021-04-21 07:01:50,1,positif,en,thank you,thank you,"['thank', 'you']",['thank'],['thank'],thank
Mas Kulin,Bagus untuk menampung para freelance hanya sudah sebulan saya blm dapat juga job . portofolio sudah banyak padahal,4,2021-04-20 09:22:48,4,positif,id,bagus untuk menampung para freelance hanya sudah sebulan saya blm dapat juga job . portofolio sudah banyak padahal,bagus untuk menampung para freelance hanya sudah sebulan saya blm dapat juga job  portofolio sudah banyak padahal,"['bagus', 'untuk', 'menampung', 'para', 'freelance', 'hanya', 'sudah', 'sebulan', 'saya', 'blm', 'dapat', 'juga', 'job', 'portofolio', 'sudah', 'banyak', 'padahal']","['bagus', 'menampung', 'freelance', 'sebulan', 'blm', 'job', 'portofolio']","['bagus', 'tampung', 'freelance', 'bulan', 'blm', 'job', 'portofolio']",bagus tampung freelance bulan blm job portofolio
Jumladi,Great app,5,2021-04-04 07:26:06,0,positif,en,great app,great app,"['great', 'app']","['great', 'app']","['great', 'app']",great app
Sandro,Seharusnya freelancer diberi 1 kesempatan untuk yg pertama kali mendaftar dan mendapat pekerjaan dengan penilaian keseriusan bahwa layak atau tidak. Portofolio saya menurut saya pribadi sangat layak. Tapi tanpa approved tidak ada gunanya,1,2021-04-04 06:12:38,52,negatif,id,seharusnya freelancer diberi 1 kesempatan untuk yg pertama kali mendaftar dan mendapat pekerjaan dengan penilaian keseriusan bahwa layak atau tidak. portofolio saya menurut saya pribadi sangat layak. tapi tanpa approved tidak ada gunanya,seharusnya freelancer diberi  kesempatan untuk yg pertama kali mendaftar dan mendapat pekerjaan dengan penilaian keseriusan bahwa layak atau tidak portofolio saya menurut saya pribadi sangat layak tapi tanpa approved tidak ada gunanya,"['seharusnya', 'freelancer', 'diberi', 'kesempatan', 'untuk', 'yg', 'pertama', 'kali', 'mendaftar', 'dan', 'mendapat', 'pekerjaan', 'dengan', 'penilaian', 'keseriusan', 'bahwa', 'layak', 'atau', 'tidak', 'portofolio', 'saya', 'menurut', 'saya', 'pribadi', 'sangat', 'layak', 'tapi', 'tanpa', 'approved', 'tidak', 'ada', 'gunanya']","['freelancer', 'kesempatan', 'yg', 'kali', 'mendaftar', 'pekerjaan', 'penilaian', 'keseriusan', 'layak', 'portofolio', 'pribadi', 'layak', 'approved', 'gunanya']","['freelancer', 'sempat', 'yg', 'kali', 'daftar', 'kerja', 'nilai', 'serius', 'layak', 'portofolio', 'pribadi', 'layak', 'approved', 'guna']",freelancer sempat yg kali daftar kerja nilai serius layak portofolio pribadi layak approved guna
Imam Awaludin,Mantap Bisa dicoba lah untuk freelancer,5,2021-03-18 03:25:33,5,positif,id,mantap bisa dicoba lah untuk freelancer,mantap bisa dicoba lah untuk freelancer,"['mantap', 'bisa', 'dicoba', 'lah', 'untuk', 'freelancer']","['mantap', 'dicoba', 'freelancer']","['mantap', 'coba', 'freelancer']",mantap coba freelancer
Ahmad Zaynie,Trusted app for freelancers,5,2021-03-14 12:31:01,0,positif,en,trusted app for freelancers,trusted app for freelancers,"['trusted', 'app', 'for', 'freelancers']","['trusted', 'app', 'freelancers']","['trust', 'app', 'freelanc']",trust app freelanc
Riki Haryandi,But it app ia slowly when open another tab,5,2021-03-10 06:21:33,0,positif,en,but it app ia slowly when open another tab,but it app ia slowly when open another tab,"['but', 'it', 'app', 'ia', 'slowly', 'when', 'open', 'another', 'tab']","['app', 'ia', 'slowly', 'open', 'another', 'tab']","['app', 'ia', 'slowli', 'open', 'anoth', 'tab']",app ia slowli open anoth tab
Nicholas Yeo,Good application..,5,2021-03-04 11:49:05,0,positif,en,good application..,good application,"['good', 'application']","['good', 'application']","['good', 'applic']",good applic
Suci Ramadhani,cukup tau loadnya 1 abad ga perna bisa pasang profil xixi jangan donlot ya kawan ntr nasibnya sama,1,2021-02-20 18:29:15,10,negatif,id,cukup tau loadnya 1 abad ga perna bisa pasang profil xixi jangan donlot ya kawan ntr nasibnya sama,cukup tau loadnya  abad ga perna bisa pasang profil xixi jangan donlot ya kawan ntr nasibnya sama,"['cukup', 'tau', 'loadnya', 'abad', 'ga', 'perna', 'bisa', 'pasang', 'profil', 'xixi', 'jangan', 'donlot', 'ya', 'kawan', 'ntr', 'nasibnya', 'sama']","['tau', 'loadnya', 'abad', 'ga', 'perna', 'pasang', 'profil', 'xixi', 'donlot', 'ya', 'kawan', 'ntr', 'nasibnya']","['tau', 'loadnya', 'abad', 'ga', 'perna', 'pasang', 'profil', 'xixi', 'donlot', 'ya', 'kawan', 'ntr', 'nasib']",tau loadnya abad ga perna pasang profil xixi donlot ya kawan ntr nasib
Tawfiq Arto,Helps me much,5,2021-02-12 16:17:50,0,positif,en,helps me much,helps me much,"['helps', 'me', 'much']","['helps', 'much']","['help', 'much']",help much
Rara Hanna,Aplikasinya lemoot bgt. Tiap ganti layar selalu minta login ulang.,1,2021-02-10 17:41:26,8,negatif,id,aplikasinya lemoot bgt. tiap ganti layar selalu minta login ulang.,aplikasinya lemoot bgt tiap ganti layar selalu minta login ulang,"['aplikasinya', 'lemoot', 'bgt', 'tiap', 'ganti', 'layar', 'selalu', 'minta', 'login', 'ulang']","['aplikasinya', 'lemoot', 'bgt', 'ganti', 'layar', 'login', 'ulang']","['aplikasi', 'lemoot', 'bgt', 'ganti', 'layar', 'login', 'ulang']",aplikasi lemoot bgt ganti layar login ulang
Arif Wijaksana,😍 The best freelance way!,5,2021-02-10 03:56:23,0,positif,en,😍 the best freelance way!,the best freelance way,"['the', 'best', 'freelance', 'way']","['best', 'freelance', 'way']","['best', 'freelanc', 'way']",best freelanc way
Yosita A,"Many works, many opportunities. The right app for competent freelancers",5,2021-02-08 11:18:32,0,positif,en,"many works, many opportunities. the right app for competent freelancers",many works many opportunities the right app for competent freelancers,"['many', 'works', 'many', 'opportunities', 'the', 'right', 'app', 'for', 'competent', 'freelancers']","['many', 'works', 'many', 'opportunities', 'right', 'app', 'competent', 'freelancers']","['mani', 'work', 'mani', 'opportun', 'right', 'app', 'compet', 'freelanc']",mani work mani opportun right app compet freelanc
Erik Nanda,Beat App,5,2021-01-27 15:30:46,0,positif,en,beat app,beat app,"['beat', 'app']","['beat', 'app']","['beat', 'app']",beat app
Fimaxie Merch,Good experience,5,2021-01-24 10:09:02,0,positif,en,good experience,good experience,"['good', 'experience']","['good', 'experience']","['good', 'experi']",good experi
azizul hakim,Best App for Freelancers!,5,2021-01-23 23:38:44,0,positif,en,best app for freelancers!,best app for freelancers,"['best', 'app', 'for', 'freelancers']","['best', 'app', 'freelancers']","['best', 'app', 'freelanc']",best app freelanc
indah senja,Membantu para profesional untuk bekarya,5,2021-01-21 05:40:37,8,positif,id,membantu para profesional untuk bekarya,membantu para profesional untuk bekarya,"['membantu', 'para', 'profesional', 'untuk', 'bekarya']","['membantu', 'profesional', 'bekarya']","['bantu', 'profesional', 'bekarya']",bantu profesional bekarya
nicolaus bagas,the best app,5,2021-01-12 15:53:34,0,positif,en,the best app,the best app,"['the', 'best', 'app']","['best', 'app']","['best', 'app']",best app
Zakaria Harry Utomo,Good for freelancer,5,2021-01-09 12:37:15,0,positif,en,good for freelancer,good for freelancer,"['good', 'for', 'freelancer']","['good', 'freelancer']","['good', 'freelanc']",good freelanc
Donny Wahyudi,a bit laggy on my s7 edge,4,2021-01-09 04:56:47,0,positif,en,a bit laggy on my s7 edge,a bit laggy on my s edge,"['a', 'bit', 'laggy', 'on', 'my', 's', 'edge']","['bit', 'laggy', 'edge']","['bit', 'laggi', 'edg']",bit laggi edg
Wildan Widya Rakhman,Aplikasi yang sangat berguna untuk freelancer seperti saya 👍,5,2021-01-08 02:27:42,15,positif,id,aplikasi yang sangat berguna untuk freelancer seperti saya 👍,aplikasi yang sangat berguna untuk freelancer seperti saya,"['aplikasi', 'yang', 'sangat', 'berguna', 'untuk', 'freelancer', 'seperti', 'saya']","['aplikasi', 'berguna', 'freelancer']","['aplikasi', 'guna', 'freelancer']",aplikasi guna freelancer
Soi Design,very good app,5,2020-12-23 12:10:01,0,positif,en,very good app,very good app,"['very', 'good', 'app']","['good', 'app']","['good', 'app']",good app
Mas Hud,Great,5,2020-12-18 04:20:03,0,positif,en,great,great,['great'],['great'],['great'],great
Erli Ermawati,Cool,5,2020-12-12 15:14:40,0,positif,en,cool,cool,['cool'],['cool'],['cool'],cool
Fandy,Good apss,5,2020-12-09 22:38:31,0,positif,en,good apss,good apss,"['good', 'apss']","['good', 'apss']","['good', 'apss']",good apss
Muhammad Afrizal,Saya suka aplikasi ini,4,2020-12-01 18:40:12,0,positif,id,saya suka aplikasi ini,saya suka aplikasi ini,"['saya', 'suka', 'aplikasi', 'ini']","['suka', 'aplikasi']","['suka', 'aplikasi']",suka aplikasi
Hadi Addarojati,Tolong agar bisa di terjemah ke bahasa indonesia... Banyak yang butuh pekerjaan ..,5,2020-11-27 13:52:10,32,positif,id,tolong agar bisa di terjemah ke bahasa indonesia... banyak yang butuh pekerjaan ..,tolong agar bisa di terjemah ke bahasa indonesia banyak yang butuh pekerjaan,"['tolong', 'agar', 'bisa', 'di', 'terjemah', 'ke', 'bahasa', 'indonesia', 'banyak', 'yang', 'butuh', 'pekerjaan']","['tolong', 'terjemah', 'bahasa', 'indonesia', 'butuh', 'pekerjaan']","['tolong', 'terjemah', 'bahasa', 'indonesia', 'butuh', 'kerja']",tolong terjemah bahasa indonesia butuh kerja
Syarip Rahmanto,sadly no one to interview me,5,2020-11-24 05:16:01,0,positif,en,sadly no one to interview me,sadly no one to interview me,"['sadly', 'no', 'one', 'to', 'interview', 'me']","['sadly', 'one', 'interview']","['sadli', 'one', 'interview']",sadli one interview
Idiot Upgrade,Great app for freelancer,5,2020-11-21 10:14:55,0,positif,en,great app for freelancer,great app for freelancer,"['great', 'app', 'for', 'freelancer']","['great', 'app', 'freelancer']","['great', 'app', 'freelanc']",great app freelanc
Fandy AY,Nice for freelancer,5,2020-11-17 16:02:40,0,positif,en,nice for freelancer,nice for freelancer,"['nice', 'for', 'freelancer']","['nice', 'freelancer']","['nice', 'freelanc']",nice freelanc
Idris Sutanto,"Best application, try it!",5,2020-11-09 00:24:54,0,positif,en,"best application, try it!",best application try it,"['best', 'application', 'try', 'it']","['best', 'application', 'try']","['best', 'applic', 'tri']",best applic tri
Wahyu,Love it!,5,2020-11-05 11:36:46,0,positif,en,love it!,love it,"['love', 'it']",['love'],['love'],love
Nura Maolana,saya kehabisan konek.... mau beli ga d dollar ya nunggu aja kali aja ada yg nawarin......,5,2020-11-04 03:21:24,14,positif,id,saya kehabisan konek.... mau beli ga d dollar ya nunggu aja kali aja ada yg nawarin......,saya kehabisan konek mau beli ga d dollar ya nunggu aja kali aja ada yg nawarin,"['saya', 'kehabisan', 'konek', 'mau', 'beli', 'ga', 'd', 'dollar', 'ya', 'nunggu', 'aja', 'kali', 'aja', 'ada', 'yg', 'nawarin']","['kehabisan', 'konek', 'beli', 'ga', 'd', 'dollar', 'ya', 'nunggu', 'aja', 'kali', 'aja', 'yg', 'nawarin']","['habis', 'konek', 'beli', 'ga', 'd', 'dollar', 'ya', 'nunggu', 'aja', 'kali', 'aja', 'yg', 'nawarin']",habis konek beli ga d dollar ya nunggu aja kali aja yg nawarin
Farid Ep,Top App thsnks 👍,5,2020-11-03 12:12:53,0,positif,en,top app thsnks 👍,top app thsnks,"['top', 'app', 'thsnks']","['top', 'app', 'thsnks']","['top', 'app', 'thsnk']",top app thsnk
Lucky Ikhtiar Ramadhan,Nice Application for Freelancer,5,2020-11-02 08:10:34,0,positif,en,nice application for freelancer,nice application for freelancer,"['nice', 'application', 'for', 'freelancer']","['nice', 'application', 'freelancer']","['nice', 'applic', 'freelanc']",nice applic freelanc
Ace Redmi8a,Great app.. !,5,2020-10-24 22:03:44,0,positif,en,great app.. !,great app,"['great', 'app']","['great', 'app']","['great', 'app']",great app
FAL Imagine,Very good aplication,4,2020-10-24 04:42:35,0,positif,en,very good aplication,very good aplication,"['very', 'good', 'aplication']","['good', 'aplication']","['good', 'aplic']",good aplic
Muhammad Fadry,"Alhamdulillah, baru gabung di platform ini langsung dapet client dan finish, tinggal nunggu cair😇",5,2020-10-16 16:13:15,19,positif,id,"alhamdulillah, baru gabung di platform ini langsung dapet client dan finish, tinggal nunggu cair😇",alhamdulillah baru gabung di platform ini langsung dapet client dan finish tinggal nunggu cair,"['alhamdulillah', 'baru', 'gabung', 'di', 'platform', 'ini', 'langsung', 'dapet', 'client', 'dan', 'finish', 'tinggal', 'nunggu', 'cair']","['alhamdulillah', 'gabung', 'platform', 'langsung', 'dapet', 'client', 'finish', 'tinggal', 'nunggu', 'cair']","['alhamdulillah', 'gabung', 'platform', 'langsung', 'dapet', 'client', 'finish', 'tinggal', 'nunggu', 'cair']",alhamdulillah gabung platform langsung dapet client finish tinggal nunggu cair
erzi hutama,good platform,5,2020-10-14 13:52:09,0,positif,en,good platform,good platform,"['good', 'platform']","['good', 'platform']","['good', 'platform']",good platform
Trinurseto Ikhsani,top,5,2020-10-14 13:20:39,0,positif,en,top,top,['top'],['top'],['top'],top
ferdi Hasrullah fatah,Sedang menunggu review,3,2020-10-11 17:07:50,0,netral,id,sedang menunggu review,sedang menunggu review,"['sedang', 'menunggu', 'review']","['menunggu', 'review']","['tunggu', 'review']",tunggu review
Ayu Ayu,"Gak bisa login padahal koneksi baik , dperbaiki yah min 🙏",2,2020-10-06 04:54:09,12,negatif,id,"gak bisa login padahal koneksi baik , dperbaiki yah min 🙏",gak bisa login padahal koneksi baik  dperbaiki yah min,"['gak', 'bisa', 'login', 'padahal', 'koneksi', 'baik', 'dperbaiki', 'yah', 'min']","['gak', 'login', 'koneksi', 'dperbaiki', 'yah', 'min']","['gak', 'login', 'koneksi', 'dperbaiki', 'yah', 'min']",gak login koneksi dperbaiki yah min
gustinar,Best apps for freelancer's!,5,2020-09-26 17:10:05,0,positif,en,best apps for freelancer's!,best apps for freelancers,"['best', 'apps', 'for', 'freelancers']","['best', 'apps', 'freelancers']","['best', 'app', 'freelanc']",best app freelanc
Cara Cara,Good app,5,2020-09-23 07:58:26,0,positif,en,good app,good app,"['good', 'app']","['good', 'app']","['good', 'app']",good app
Budi Yanto,"good application, giving freelancers a choice of various jobs",5,2020-09-21 06:51:47,0,positif,en,"good application, giving freelancers a choice of various jobs",good application giving freelancers a choice of various jobs,"['good', 'application', 'giving', 'freelancers', 'a', 'choice', 'of', 'various', 'jobs']","['good', 'application', 'giving', 'freelancers', 'choice', 'various', 'jobs']","['good', 'applic', 'give', 'freelanc', 'choic', 'variou', 'job']",good applic give freelanc choic variou job
Rahman Arif,Thanks upwork,5,2020-09-09 15:00:38,0,positif,en,thanks upwork,thanks upwork,"['thanks', 'upwork']","['thanks', 'upwork']","['thank', 'upwork']",thank upwork
RM Widodo Pribadi,"Good App, same with website.",5,2020-09-03 08:35:14,0,positif,en,"good app, same with website.",good app same with website,"['good', 'app', 'same', 'with', 'website']","['good', 'app', 'website']","['good', 'app', 'websit']",good app websit
Gabriel Adam,Good app,5,2020-09-02 03:07:02,0,positif,en,good app,good app,"['good', 'app']","['good', 'app']","['good', 'app']",good app
alip sulistio,Great app,5,2020-08-29 13:50:50,0,positif,en,great app,great app,"['great', 'app']","['great', 'app']","['great', 'app']",great app
Yana Muhamad Ridwan,Good aplication,5,2020-08-28 09:13:43,0,positif,en,good aplication,good aplication,"['good', 'aplication']","['good', 'aplication']","['good', 'aplic']",good aplic
Freeman Oi838,Ini cara mengambil pekerjaan yg proposal nya sudah di approve oleh klien agar dapat segera dikerjakan bagaimana ya???,4,2020-08-25 12:46:00,13,positif,id,ini cara mengambil pekerjaan yg proposal nya sudah di approve oleh klien agar dapat segera dikerjakan bagaimana ya???,ini cara mengambil pekerjaan yg proposal nya sudah di approve oleh klien agar dapat segera dikerjakan bagaimana ya,"['ini', 'cara', 'mengambil', 'pekerjaan', 'yg', 'proposal', 'nya', 'sudah', 'di', 'approve', 'oleh', 'klien', 'agar', 'dapat', 'segera', 'dikerjakan', 'bagaimana', 'ya']","['mengambil', 'pekerjaan', 'yg', 'proposal', 'nya', 'approve', 'klien', 'ya']","['ambil', 'kerja', 'yg', 'proposal', 'nya', 'approve', 'klien', 'ya']",ambil kerja yg proposal nya approve klien ya
Syarief Hidayat,Cool,5,2020-08-19 06:53:16,0,positif,en,cool,cool,['cool'],['cool'],['cool'],cool
Edo Gudipung,Bagus dan sangat menarik untuk dikerjakan.,5,2020-08-17 12:52:27,4,positif,id,bagus dan sangat menarik untuk dikerjakan.,bagus dan sangat menarik untuk dikerjakan,"['bagus', 'dan', 'sangat', 'menarik', 'untuk', 'dikerjakan']","['bagus', 'menarik']","['bagus', 'tarik']",bagus tarik
Irnandes Faozah,Good app,5,2020-08-16 03:32:31,0,positif,en,good app,good app,"['good', 'app']","['good', 'app']","['good', 'app']",good app
dwi puji ayu,Lagi verifikasi data semoga diterima,5,2020-08-14 01:52:05,1,positif,id,lagi verifikasi data semoga diterima,lagi verifikasi data semoga diterima,"['lagi', 'verifikasi', 'data', 'semoga', 'diterima']","['verifikasi', 'data', 'semoga', 'diterima']","['verifikasi', 'data', 'moga', 'terima']",verifikasi data moga terima
Okky Alwan,"I new in upwork, but its look good, i want to work as freelance..",4,2020-08-03 00:34:45,0,positif,en,"i new in upwork, but its look good, i want to work as freelance..",i new in upwork but its look good i want to work as freelance,"['i', 'new', 'in', 'upwork', 'but', 'its', 'look', 'good', 'i', 'want', 'to', 'work', 'as', 'freelance']","['new', 'upwork', 'look', 'good', 'want', 'work', 'freelance']","['new', 'upwork', 'look', 'good', 'want', 'work', 'freelanc']",new upwork look good want work freelanc
AZIS blckstry,Good application,5,2020-08-02 08:12:05,0,positif,en,good application,good application,"['good', 'application']","['good', 'application']","['good', 'applic']",good applic
Muhammad Andika Putra,Mudah mudahan membantu,5,2020-07-28 20:16:26,4,positif,id,mudah mudahan membantu,mudah mudahan membantu,"['mudah', 'mudahan', 'membantu']","['mudah', 'mudahan', 'membantu']","['mudah', 'mudah', 'bantu']",mudah mudah bantu
gustu erik,Aplikasi yang bagus. Hanya saja untuk ada batas untuk connection. Jadi agak sulit untuk pemula jika belum mendapat klien sedangkan connection akan habis,3,2020-07-16 15:20:00,27,netral,id,aplikasi yang bagus. hanya saja untuk ada batas untuk connection. jadi agak sulit untuk pemula jika belum mendapat klien sedangkan connection akan habis,aplikasi yang bagus hanya saja untuk ada batas untuk connection jadi agak sulit untuk pemula jika belum mendapat klien sedangkan connection akan habis,"['aplikasi', 'yang', 'bagus', 'hanya', 'saja', 'untuk', 'ada', 'batas', 'untuk', 'connection', 'jadi', 'agak', 'sulit', 'untuk', 'pemula', 'jika', 'belum', 'mendapat', 'klien', 'sedangkan', 'connection', 'akan', 'habis']","['aplikasi', 'bagus', 'batas', 'connection', 'sulit', 'pemula', 'klien', 'connection', 'habis']","['aplikasi', 'bagus', 'batas', 'connection', 'sulit', 'mula', 'klien', 'connection', 'habis']",aplikasi bagus batas connection sulit mula klien connection habis
agrifa maser,I was new here hope I can get some paid here,5,2020-07-15 15:04:03,0,positif,en,i was new here hope i can get some paid here,i was new here hope i can get some paid here,"['i', 'was', 'new', 'here', 'hope', 'i', 'can', 'get', 'some', 'paid', 'here']","['new', 'hope', 'get', 'paid']","['new', 'hope', 'get', 'paid']",new hope get paid
ꦭꦸꦮꦶꦱ꧀ ꦮꦶꦮꦮꦤ꧀,"Laaamaaa banget ngereview akunnya, ini udah 3x24 jam loh",3,2020-07-07 17:42:13,4,netral,id,"laaamaaa banget ngereview akunnya, ini udah 3x24 jam loh",laaamaaa banget ngereview akunnya ini udah x jam loh,"['laaamaaa', 'banget', 'ngereview', 'akunnya', 'ini', 'udah', 'x', 'jam', 'loh']","['laaamaaa', 'banget', 'ngereview', 'akunnya', 'udah', 'x', 'jam', 'loh']","['laaamaaa', 'banget', 'ngereview', 'akun', 'udah', 'x', 'jam', 'loh']",laaamaaa banget ngereview akun udah x jam loh
ZoiDs,Verifikasi proposalnya gak jelas. Udah nunggu 24jam tetep aja gak bisa ajuin.. Anehh,1,2020-07-07 06:44:59,20,negatif,id,verifikasi proposalnya gak jelas. udah nunggu 24jam tetep aja gak bisa ajuin.. anehh,verifikasi proposalnya gak jelas udah nunggu jam tetep aja gak bisa ajuin anehh,"['verifikasi', 'proposalnya', 'gak', 'jelas', 'udah', 'nunggu', 'jam', 'tetep', 'aja', 'gak', 'bisa', 'ajuin', 'anehh']","['verifikasi', 'proposalnya', 'gak', 'udah', 'nunggu', 'jam', 'tetep', 'aja', 'gak', 'ajuin', 'anehh']","['verifikasi', 'proposal', 'gak', 'udah', 'nunggu', 'jam', 'tetep', 'aja', 'gak', 'ajuin', 'anehh']",verifikasi proposal gak udah nunggu jam tetep aja gak ajuin anehh
zulfa yusrona,Aplikasi terbaik bagi yang ingin mencari nafkah,5,2020-06-29 08:25:38,7,positif,id,aplikasi terbaik bagi yang ingin mencari nafkah,aplikasi terbaik bagi yang ingin mencari nafkah,"['aplikasi', 'terbaik', 'bagi', 'yang', 'ingin', 'mencari', 'nafkah']","['aplikasi', 'terbaik', 'mencari', 'nafkah']","['aplikasi', 'baik', 'cari', 'nafkah']",aplikasi baik cari nafkah
Taufik Zulfiqar,Mantap...terus ditingkatkan lagi pelayanannya,5,2020-06-26 03:02:47,3,positif,id,mantap...terus ditingkatkan lagi pelayanannya,mantapterus ditingkatkan lagi pelayanannya,"['mantapterus', 'ditingkatkan', 'lagi', 'pelayanannya']","['mantapterus', 'ditingkatkan', 'pelayanannya']","['mantapterus', 'tingkat', 'layan']",mantapterus tingkat layan
nia kurniawati,sangat membantu,5,2020-06-09 08:22:01,0,positif,id,sangat membantu,sangat membantu,"['sangat', 'membantu']",['membantu'],['bantu'],bantu
immanuel “noel” juniawan,Terima kasih buat jembatan utk mencari kesempatan kerja jarak jauh,5,2020-06-09 03:32:13,4,positif,id,terima kasih buat jembatan utk mencari kesempatan kerja jarak jauh,terima kasih buat jembatan utk mencari kesempatan kerja jarak jauh,"['terima', 'kasih', 'buat', 'jembatan', 'utk', 'mencari', 'kesempatan', 'kerja', 'jarak', 'jauh']","['terima', 'kasih', 'jembatan', 'utk', 'mencari', 'kesempatan', 'kerja', 'jarak']","['terima', 'kasih', 'jembatan', 'utk', 'cari', 'sempat', 'kerja', 'jarak']",terima kasih jembatan utk cari sempat kerja jarak
prima agung,"Thanks for this app, it can be help me to search another job",5,2020-05-30 02:25:47,0,positif,en,"thanks for this app, it can be help me to search another job",thanks for this app it can be help me to search another job,"['thanks', 'for', 'this', 'app', 'it', 'can', 'be', 'help', 'me', 'to', 'search', 'another', 'job']","['thanks', 'app', 'help', 'search', 'another', 'job']","['thank', 'app', 'help', 'search', 'anoth', 'job']",thank app help search anoth job
Andi Pam,Aplikasi yang lain susah buat daftar jika handphone justru upwork mudah untuk daftar sebagai freelance walaupun melalui handphone,5,2020-05-29 15:24:09,13,positif,id,aplikasi yang lain susah buat daftar jika handphone justru upwork mudah untuk daftar sebagai freelance walaupun melalui handphone,aplikasi yang lain susah buat daftar jika handphone justru upwork mudah untuk daftar sebagai freelance walaupun melalui handphone,"['aplikasi', 'yang', 'lain', 'susah', 'buat', 'daftar', 'jika', 'handphone', 'justru', 'upwork', 'mudah', 'untuk', 'daftar', 'sebagai', 'freelance', 'walaupun', 'melalui', 'handphone']","['aplikasi', 'susah', 'daftar', 'handphone', 'upwork', 'mudah', 'daftar', 'freelance', 'handphone']","['aplikasi', 'susah', 'daftar', 'handphone', 'upwork', 'mudah', 'daftar', 'freelance', 'handphone']",aplikasi susah daftar handphone upwork mudah daftar freelance handphone
Yusuf Adjie78,"Great, so smooth and responsive",5,2020-05-26 15:04:54,0,positif,en,"great, so smooth and responsive",great so smooth and responsive,"['great', 'so', 'smooth', 'and', 'responsive']","['great', 'smooth', 'responsive']","['great', 'smooth', 'respons']",great smooth respons
Nabilah R,Need notificatios to knowing there are jobs available.,5,2020-05-21 09:36:29,0,positif,en,need notificatios to knowing there are jobs available.,need notificatios to knowing there are jobs available,"['need', 'notificatios', 'to', 'knowing', 'there', 'are', 'jobs', 'available']","['need', 'notificatios', 'knowing', 'jobs', 'available']","['need', 'notificatio', 'know', 'job', 'avail']",need notificatio know job avail
Aji Prasetyo,Awesome apps for freelancer,5,2020-05-07 20:07:46,0,positif,en,awesome apps for freelancer,awesome apps for freelancer,"['awesome', 'apps', 'for', 'freelancer']","['awesome', 'apps', 'freelancer']","['awesom', 'app', 'freelanc']",awesom app freelanc
T Setiadi,Top,5,2020-05-07 06:21:35,0,positif,en,top,top,['top'],['top'],['top'],top
Pengguna Google,"Saat masuk ke profil selalu eror dan saat masuk web loadingnya sampai lebaran gak selesai selesai, minta saran dan mohon diperbaiki",2,2020-04-24 21:20:57,14,negatif,id,"saat masuk ke profil selalu eror dan saat masuk web loadingnya sampai lebaran gak selesai selesai, minta saran dan mohon diperbaiki",saat masuk ke profil selalu eror dan saat masuk web loadingnya sampai lebaran gak selesai selesai minta saran dan mohon diperbaiki,"['saat', 'masuk', 'ke', 'profil', 'selalu', 'eror', 'dan', 'saat', 'masuk', 'web', 'loadingnya', 'sampai', 'lebaran', 'gak', 'selesai', 'selesai', 'minta', 'saran', 'dan', 'mohon', 'diperbaiki']","['masuk', 'profil', 'eror', 'masuk', 'web', 'loadingnya', 'lebaran', 'gak', 'selesai', 'selesai', 'saran', 'mohon', 'diperbaiki']","['masuk', 'profil', 'eror', 'masuk', 'web', 'loadingnya', 'lebaran', 'gak', 'selesai', 'selesai', 'saran', 'mohon', 'baik']",masuk profil eror masuk web loadingnya lebaran gak selesai selesai saran mohon baik
Pengguna Google,Tunggu di approved dulu baru tambah 1 lagi.,4,2020-04-24 07:01:01,1,positif,id,tunggu di approved dulu baru tambah 1 lagi.,tunggu di approved dulu baru tambah  lagi,"['tunggu', 'di', 'approved', 'dulu', 'baru', 'tambah', 'lagi']","['tunggu', 'approved']","['tunggu', 'approved']",tunggu approved
Pengguna Google,I hope the features in web can implement in mobile too,5,2020-04-18 03:01:16,0,positif,en,i hope the features in web can implement in mobile too,i hope the features in web can implement in mobile too,"['i', 'hope', 'the', 'features', 'in', 'web', 'can', 'implement', 'in', 'mobile', 'too']","['hope', 'features', 'web', 'implement', 'mobile']","['hope', 'featur', 'web', 'implement', 'mobil']",hope featur web implement mobil
Pengguna Google,"Masih baru gua, profil 100% belum, nanti kalau sdh baru ku kasih",4,2020-04-18 02:59:16,5,positif,id,"masih baru gua, profil 100% belum, nanti kalau sdh baru ku kasih",masih baru gua profil  belum nanti kalau sdh baru ku kasih,"['masih', 'baru', 'gua', 'profil', 'belum', 'nanti', 'kalau', 'sdh', 'baru', 'ku', 'kasih']","['gua', 'profil', 'sdh', 'ku', 'kasih']","['gua', 'profil', 'sdh', 'ku', 'kasih']",gua profil sdh ku kasih
Pengguna Google,Good aps so helpful,4,2020-04-09 01:14:21,0,positif,en,good aps so helpful,good aps so helpful,"['good', 'aps', 'so', 'helpful']","['good', 'aps', 'helpful']","['good', 'ap', 'help']",good ap help
Pengguna Google,"Suka aplikasi ini,tp sayang klo mw submit proposal harus beli connect dlu😄",2,2020-04-01 09:57:30,7,negatif,id,"suka aplikasi ini,tp sayang klo mw submit proposal harus beli connect dlu😄",suka aplikasi initp sayang klo mw submit proposal harus beli connect dlu,"['suka', 'aplikasi', 'initp', 'sayang', 'klo', 'mw', 'submit', 'proposal', 'harus', 'beli', 'connect', 'dlu']","['suka', 'aplikasi', 'initp', 'sayang', 'klo', 'mw', 'submit', 'proposal', 'beli', 'connect', 'dlu']","['suka', 'aplikasi', 'initp', 'sayang', 'klo', 'mw', 'submit', 'proposal', 'beli', 'connect', 'dlu']",suka aplikasi initp sayang klo mw submit proposal beli connect dlu
Pengguna Google,Mantul,5,2020-03-20 05:23:52,0,positif,id,mantul,mantul,['mantul'],['mantul'],['mantul'],mantul
Pengguna Google,Amazing.. Sangat membantu para Freelancer dalam memanfaatkan skill dan pengalamannya..,5,2020-03-15 06:29:15,8,positif,id,amazing.. sangat membantu para freelancer dalam memanfaatkan skill dan pengalamannya..,amazing sangat membantu para freelancer dalam memanfaatkan skill dan pengalamannya,"['amazing', 'sangat', 'membantu', 'para', 'freelancer', 'dalam', 'memanfaatkan', 'skill', 'dan', 'pengalamannya']","['amazing', 'membantu', 'freelancer', 'memanfaatkan', 'skill', 'pengalamannya']","['amazing', 'bantu', 'freelancer', 'manfaat', 'skill', 'alam']",amazing bantu freelancer manfaat skill alam
Pengguna Google,Terima kasih sudah memberikan harapan dengan menyetujui akun saya.,5,2020-03-12 04:51:26,13,positif,id,terima kasih sudah memberikan harapan dengan menyetujui akun saya.,terima kasih sudah memberikan harapan dengan menyetujui akun saya,"['terima', 'kasih', 'sudah', 'memberikan', 'harapan', 'dengan', 'menyetujui', 'akun', 'saya']","['terima', 'kasih', 'harapan', 'menyetujui', 'akun']","['terima', 'kasih', 'harap', 'tuju', 'akun']",terima kasih harap tuju akun
Pengguna Google,Good app for freelancer,5,2020-03-05 15:54:45,0,positif,en,good app for freelancer,good app for freelancer,"['good', 'app', 'for', 'freelancer']","['good', 'app', 'freelancer']","['good', 'app', 'freelanc']",good app freelanc
Pengguna Google,steady... Good job The Upwork Team..👍!! thanks you very much..Nice Platform..,5,2020-03-04 05:56:48,0,positif,en,steady... good job the upwork team..👍!! thanks you very much..nice platform..,steady good job the upwork team thanks you very muchnice platform,"['steady', 'good', 'job', 'the', 'upwork', 'team', 'thanks', 'you', 'very', 'muchnice', 'platform']","['steady', 'good', 'job', 'upwork', 'team', 'thanks', 'muchnice', 'platform']","['steadi', 'good', 'job', 'upwork', 'team', 'thank', 'muchnic', 'platform']",steadi good job upwork team thank muchnic platform
Pengguna Google,I have not got a job yet,1,2020-02-26 07:41:58,0,negatif,en,i have not got a job yet,i have not got a job yet,"['i', 'have', 'not', 'got', 'a', 'job', 'yet']","['got', 'job', 'yet']","['got', 'job', 'yet']",got job yet
Pengguna Google,Baik,5,2020-02-25 13:27:33,0,positif,id,baik,baik,['baik'],[],[],
Pengguna Google,"Looks great, but my account still ""under review"".. When it done??",5,2020-02-19 04:17:57,0,positif,en,"looks great, but my account still ""under review"".. when it done??",looks great but my account still under review when it done,"['looks', 'great', 'but', 'my', 'account', 'still', 'under', 'review', 'when', 'it', 'done']","['looks', 'great', 'account', 'still', 'review', 'done']","['look', 'great', 'account', 'still', 'review', 'done']",look great account still review done
Pengguna Google,"Feeds and job search pages is looking bad, the search box typing is reversed, and many other bugs on samsung tablet, I can give you screenshot if you want. I will give 5 stars if you fix this bugs..",1,2020-02-17 09:32:17,0,negatif,en,"feeds and job search pages is looking bad, the search box typing is reversed, and many other bugs on samsung tablet, i can give you screenshot if you want. i will give 5 stars if you fix this bugs..",feeds and job search pages is looking bad the search box typing is reversed and many other bugs on samsung tablet i can give you screenshot if you want i will give  stars if you fix this bugs,"['feeds', 'and', 'job', 'search', 'pages', 'is', 'looking', 'bad', 'the', 'search', 'box', 'typing', 'is', 'reversed', 'and', 'many', 'other', 'bugs', 'on', 'samsung', 'tablet', 'i', 'can', 'give', 'you', 'screenshot', 'if', 'you', 'want', 'i', 'will', 'give', 'stars', 'if', 'you', 'fix', 'this', 'bugs']","['feeds', 'job', 'search', 'pages', 'looking', 'bad', 'search', 'box', 'typing', 'reversed', 'many', 'bugs', 'samsung', 'tablet', 'give', 'screenshot', 'want', 'give', 'stars', 'fix', 'bugs']","['feed', 'job', 'search', 'page', 'look', 'bad', 'search', 'box', 'type', 'revers', 'mani', 'bug', 'samsung', 'tablet', 'give', 'screenshot', 'want', 'give', 'star', 'fix', 'bug']",feed job search page look bad search box type revers mani bug samsung tablet give screenshot want give star fix bug
Pengguna Google,Good app,5,2020-02-15 09:15:41,0,positif,en,good app,good app,"['good', 'app']","['good', 'app']","['good', 'app']",good app
Pengguna Google,Nice job there,5,2020-02-14 11:23:14,0,positif,en,nice job there,nice job there,"['nice', 'job', 'there']","['nice', 'job']","['nice', 'job']",nice job
Pengguna Google,This is app is very helpfull,5,2020-02-14 05:23:53,0,positif,en,this is app is very helpfull,this is app is very helpfull,"['this', 'is', 'app', 'is', 'very', 'helpfull']","['app', 'helpfull']","['app', 'helpful']",app helpful
Pengguna Google,Aplikasi bagus. Perlu ditingkatkan lagi fitur-fiturnya.,4,2020-02-03 03:52:22,8,positif,id,aplikasi bagus. perlu ditingkatkan lagi fitur-fiturnya.,aplikasi bagus perlu ditingkatkan lagi fiturfiturnya,"['aplikasi', 'bagus', 'perlu', 'ditingkatkan', 'lagi', 'fiturfiturnya']","['aplikasi', 'bagus', 'ditingkatkan', 'fiturfiturnya']","['aplikasi', 'bagus', 'tingkat', 'fiturfiturnya']",aplikasi bagus tingkat fiturfiturnya
Pengguna Google,Not yet connected new job,5,2020-01-19 23:39:29,0,positif,en,not yet connected new job,not yet connected new job,"['not', 'yet', 'connected', 'new', 'job']","['yet', 'connected', 'new', 'job']","['yet', 'connect', 'new', 'job']",yet connect new job
Pengguna Google,"App simple, sangat membantu dalam mencari sampingan",4,2020-01-16 08:24:40,3,positif,id,"app simple, sangat membantu dalam mencari sampingan",app simple sangat membantu dalam mencari sampingan,"['app', 'simple', 'sangat', 'membantu', 'dalam', 'mencari', 'sampingan']","['app', 'simple', 'membantu', 'mencari', 'sampingan']","['app', 'simple', 'bantu', 'cari', 'samping']",app simple bantu cari samping
Pengguna Google,Easy to use..,5,2020-01-16 00:14:19,0,positif,en,easy to use..,easy to use,"['easy', 'to', 'use']","['easy', 'use']","['easi', 'use']",easi use
Pengguna Google,"baru pemula, maka bintang 3 dulu!, kalau berhasil dapat kerjaan baru ditambah 2 lagi bintangnya!",3,2020-01-09 10:52:12,4,netral,id,"baru pemula, maka bintang 3 dulu!, kalau berhasil dapat kerjaan baru ditambah 2 lagi bintangnya!",baru pemula maka bintang  dulu kalau berhasil dapat kerjaan baru ditambah  lagi bintangnya,"['baru', 'pemula', 'maka', 'bintang', 'dulu', 'kalau', 'berhasil', 'dapat', 'kerjaan', 'baru', 'ditambah', 'lagi', 'bintangnya']","['pemula', 'bintang', 'berhasil', 'kerjaan', 'ditambah', 'bintangnya']","['mula', 'bintang', 'hasil', 'kerja', 'tambah', 'bintang']",mula bintang hasil kerja tambah bintang
Pengguna Google,I hope the egg will break😂 with a lot of project🙏🙏🙏...,5,2020-01-07 12:31:51,0,positif,en,i hope the egg will break😂 with a lot of project🙏🙏🙏...,i hope the egg will break with a lot of project,"['i', 'hope', 'the', 'egg', 'will', 'break', 'with', 'a', 'lot', 'of', 'project']","['hope', 'egg', 'break', 'lot', 'project']","['hope', 'egg', 'break', 'lot', 'project']",hope egg break lot project
Pengguna Google,"I dont now, becouse my proposal not yet offered",3,2020-01-05 11:15:05,0,netral,en,"i dont now, becouse my proposal not yet offered",i dont now becouse my proposal not yet offered,"['i', 'dont', 'now', 'becouse', 'my', 'proposal', 'not', 'yet', 'offered']","['dont', 'becouse', 'proposal', 'yet', 'offered']","['dont', 'becous', 'propos', 'yet', 'offer']",dont becous propos yet offer
Pengguna Google,"Ribet, gak bisa bangef digunain",1,2020-01-04 17:12:49,10,negatif,id,"ribet, gak bisa bangef digunain",ribet gak bisa bangef digunain,"['ribet', 'gak', 'bisa', 'bangef', 'digunain']","['ribet', 'gak', 'bangef', 'digunain']","['ribet', 'gak', 'bangef', 'digunain']",ribet gak bangef digunain
Pengguna Google,Good App,5,2019-12-25 11:40:42,0,positif,en,good app,good app,"['good', 'app']","['good', 'app']","['good', 'app']",good app
Pengguna Google,Sejauh ini aplikasi ini memudahkan pencarian proyek kerja dan interaksi dengan klien.,5,2019-12-23 09:18:24,2,positif,id,sejauh ini aplikasi ini memudahkan pencarian proyek kerja dan interaksi dengan klien.,sejauh ini aplikasi ini memudahkan pencarian proyek kerja dan interaksi dengan klien,"['sejauh', 'ini', 'aplikasi', 'ini', 'memudahkan', 'pencarian', 'proyek', 'kerja', 'dan', 'interaksi', 'dengan', 'klien']","['aplikasi', 'memudahkan', 'pencarian', 'proyek', 'kerja', 'interaksi', 'klien']","['aplikasi', 'mudah', 'cari', 'proyek', 'kerja', 'interaksi', 'klien']",aplikasi mudah cari proyek kerja interaksi klien
Pengguna Google,good for freelancer,5,2019-12-09 14:00:05,0,positif,en,good for freelancer,good for freelancer,"['good', 'for', 'freelancer']","['good', 'freelancer']","['good', 'freelanc']",good freelanc
Pengguna Google,Bahasa indonesia ga ad,3,2019-12-02 13:50:44,4,netral,id,bahasa indonesia ga ad,bahasa indonesia ga ad,"['bahasa', 'indonesia', 'ga', 'ad']","['bahasa', 'indonesia', 'ga', 'ad']","['bahasa', 'indonesia', 'ga', 'ad']",bahasa indonesia ga ad
Pengguna Google,Its really slow,3,2019-11-30 08:42:26,0,netral,en,its really slow,its really slow,"['its', 'really', 'slow']","['really', 'slow']","['realli', 'slow']",realli slow
Pengguna Google,"Aplikasi yang bermanfaat, masih memiliki peluang untuk ditingkatkan lagi.",4,2019-11-27 06:53:41,5,positif,id,"aplikasi yang bermanfaat, masih memiliki peluang untuk ditingkatkan lagi.",aplikasi yang bermanfaat masih memiliki peluang untuk ditingkatkan lagi,"['aplikasi', 'yang', 'bermanfaat', 'masih', 'memiliki', 'peluang', 'untuk', 'ditingkatkan', 'lagi']","['aplikasi', 'bermanfaat', 'memiliki', 'peluang', 'ditingkatkan']","['aplikasi', 'manfaat', 'milik', 'peluang', 'tingkat']",aplikasi manfaat milik peluang tingkat
Pengguna Google,I like the other version of Upwork. more simple and mobile.,2,2019-11-22 03:00:18,0,negatif,en,i like the other version of upwork. more simple and mobile.,i like the other version of upwork more simple and mobile,"['i', 'like', 'the', 'other', 'version', 'of', 'upwork', 'more', 'simple', 'and', 'mobile']","['like', 'version', 'upwork', 'simple', 'mobile']","['like', 'version', 'upwork', 'simpl', 'mobil']",like version upwork simpl mobil
Pengguna Google,"Loading mulu, masih gagal paham sama cara penggunaan apk ini",4,2019-11-16 04:02:33,0,positif,id,"loading mulu, masih gagal paham sama cara penggunaan apk ini",loading mulu masih gagal paham sama cara penggunaan apk ini,"['loading', 'mulu', 'masih', 'gagal', 'paham', 'sama', 'cara', 'penggunaan', 'apk', 'ini']","['loading', 'mulu', 'gagal', 'paham', 'penggunaan', 'apk']","['loading', 'mulu', 'gagal', 'paham', 'guna', 'apk']",loading mulu gagal paham guna apk
Pengguna Google,Mantap,5,2019-11-14 11:33:26,0,positif,id,mantap,mantap,['mantap'],['mantap'],['mantap'],mantap
Pengguna Google,"Better then open using phone on browser, but please make it more fast when search job",5,2019-11-14 00:40:32,0,positif,en,"better then open using phone on browser, but please make it more fast when search job",better then open using phone on browser but please make it more fast when search job,"['better', 'then', 'open', 'using', 'phone', 'on', 'browser', 'but', 'please', 'make', 'it', 'more', 'fast', 'when', 'search', 'job']","['better', 'open', 'using', 'phone', 'browser', 'please', 'make', 'fast', 'search', 'job']","['better', 'open', 'use', 'phone', 'browser', 'pleas', 'make', 'fast', 'search', 'job']",better open use phone browser pleas make fast search job
Pengguna Google,Really a short way to access my freelance job in upwork. You guys need this apps to maintain all job.,5,2019-11-09 22:30:28,0,positif,en,really a short way to access my freelance job in upwork. you guys need this apps to maintain all job.,really a short way to access my freelance job in upwork you guys need this apps to maintain all job,"['really', 'a', 'short', 'way', 'to', 'access', 'my', 'freelance', 'job', 'in', 'upwork', 'you', 'guys', 'need', 'this', 'apps', 'to', 'maintain', 'all', 'job']","['really', 'short', 'way', 'access', 'freelance', 'job', 'upwork', 'guys', 'need', 'apps', 'maintain', 'job']","['realli', 'short', 'way', 'access', 'freelanc', 'job', 'upwork', 'guy', 'need', 'app', 'maintain', 'job']",realli short way access freelanc job upwork guy need app maintain job
Pengguna Google,Ini akan jadi pengalaman baru saat menjadi freelancer dg bantuan pihak ketiga. Terima kasih.,5,2019-11-09 06:42:07,4,positif,id,ini akan jadi pengalaman baru saat menjadi freelancer dg bantuan pihak ketiga. terima kasih.,ini akan jadi pengalaman baru saat menjadi freelancer dg bantuan pihak ketiga terima kasih,"['ini', 'akan', 'jadi', 'pengalaman', 'baru', 'saat', 'menjadi', 'freelancer', 'dg', 'bantuan', 'pihak', 'ketiga', 'terima', 'kasih']","['pengalaman', 'freelancer', 'dg', 'bantuan', 'ketiga', 'terima', 'kasih']","['alam', 'freelancer', 'dg', 'bantu', 'tiga', 'terima', 'kasih']",alam freelancer dg bantu tiga terima kasih
Pengguna Google,Seettdahhh bahasa inggris 😭😭😭,3,2019-10-24 16:23:09,2,netral,id,seettdahhh bahasa inggris 😭😭😭,seettdahhh bahasa inggris,"['seettdahhh', 'bahasa', 'inggris']","['seettdahhh', 'bahasa', 'inggris']","['seettdahhh', 'bahasa', 'inggris']",seettdahhh bahasa inggris
Pengguna Google,Will the connects recharge itself like in gaming or do I have to buy them once they run out?,3,2019-10-20 01:59:16,0,netral,en,will the connects recharge itself like in gaming or do i have to buy them once they run out?,will the connects recharge itself like in gaming or do i have to buy them once they run out,"['will', 'the', 'connects', 'recharge', 'itself', 'like', 'in', 'gaming', 'or', 'do', 'i', 'have', 'to', 'buy', 'them', 'once', 'they', 'run', 'out']","['connects', 'recharge', 'like', 'gaming', 'buy', 'run']","['connect', 'recharg', 'like', 'game', 'buy', 'run']",connect recharg like game buy run
Pengguna Google,Good app,5,2019-10-18 13:17:17,0,positif,en,good app,good app,"['good', 'app']","['good', 'app']","['good', 'app']",good app
Pengguna Google,"always fails to register, have resubmitted 3 times and the profile update still fails and rejected registration. I better move to Appen Connect, it's easier in terms of registration.",1,2019-09-19 01:46:07,0,negatif,en,"always fails to register, have resubmitted 3 times and the profile update still fails and rejected registration. i better move to appen connect, it's easier in terms of registration.",always fails to register have resubmitted  times and the profile update still fails and rejected registration i better move to appen connect its easier in terms of registration,"['always', 'fails', 'to', 'register', 'have', 'resubmitted', 'times', 'and', 'the', 'profile', 'update', 'still', 'fails', 'and', 'rejected', 'registration', 'i', 'better', 'move', 'to', 'appen', 'connect', 'its', 'easier', 'in', 'terms', 'of', 'registration']","['always', 'fails', 'register', 'resubmitted', 'times', 'profile', 'update', 'still', 'fails', 'rejected', 'registration', 'better', 'move', 'appen', 'connect', 'easier', 'terms', 'registration']","['alway', 'fail', 'regist', 'resubmit', 'time', 'profil', 'updat', 'still', 'fail', 'reject', 'registr', 'better', 'move', 'appen', 'connect', 'easier', 'term', 'registr']",alway fail regist resubmit time profil updat still fail reject registr better move appen connect easier term registr
Pengguna Google,"always fails to register, have resubmitted 3 times and the profile update still fails and rejected registration. I better move to Appen Connect, it's easier in terms of registration.",1,2019-09-19 01:45:22,0,negatif,en,"always fails to register, have resubmitted 3 times and the profile update still fails and rejected registration. i better move to appen connect, it's easier in terms of registration.",always fails to register have resubmitted  times and the profile update still fails and rejected registration i better move to appen connect its easier in terms of registration,"['always', 'fails', 'to', 'register', 'have', 'resubmitted', 'times', 'and', 'the', 'profile', 'update', 'still', 'fails', 'and', 'rejected', 'registration', 'i', 'better', 'move', 'to', 'appen', 'connect', 'its', 'easier', 'in', 'terms', 'of', 'registration']","['always', 'fails', 'register', 'resubmitted', 'times', 'profile', 'update', 'still', 'fails', 'rejected', 'registration', 'better', 'move', 'appen', 'connect', 'easier', 'terms', 'registration']","['alway', 'fail', 'regist', 'resubmit', 'time', 'profil', 'updat', 'still', 'fail', 'reject', 'registr', 'better', 'move', 'appen', 'connect', 'easier', 'term', 'registr']",alway fail regist resubmit time profil updat still fail reject registr better move appen connect easier term registr
Pengguna Google,"always fails to register, have resubmitted 3 times and the profile update still fails and rejected registration. I better move to Appen Connect, it's easier in terms of registration.",1,2019-09-19 01:44:36,0,negatif,en,"always fails to register, have resubmitted 3 times and the profile update still fails and rejected registration. i better move to appen connect, it's easier in terms of registration.",always fails to register have resubmitted  times and the profile update still fails and rejected registration i better move to appen connect its easier in terms of registration,"['always', 'fails', 'to', 'register', 'have', 'resubmitted', 'times', 'and', 'the', 'profile', 'update', 'still', 'fails', 'and', 'rejected', 'registration', 'i', 'better', 'move', 'to', 'appen', 'connect', 'its', 'easier', 'in', 'terms', 'of', 'registration']","['always', 'fails', 'register', 'resubmitted', 'times', 'profile', 'update', 'still', 'fails', 'rejected', 'registration', 'better', 'move', 'appen', 'connect', 'easier', 'terms', 'registration']","['alway', 'fail', 'regist', 'resubmit', 'time', 'profil', 'updat', 'still', 'fail', 'reject', 'registr', 'better', 'move', 'appen', 'connect', 'easier', 'term', 'registr']",alway fail regist resubmit time profil updat still fail reject registr better move appen connect easier term registr
Pengguna Google,great upwork,5,2019-09-15 14:15:49,0,positif,en,great upwork,great upwork,"['great', 'upwork']","['great', 'upwork']","['great', 'upwork']",great upwork
Pengguna Google,Keep it smooth,3,2019-09-09 07:05:14,0,netral,en,keep it smooth,keep it smooth,"['keep', 'it', 'smooth']","['keep', 'smooth']","['keep', 'smooth']",keep smooth
Pengguna Google,"This is real,",5,2019-09-06 09:59:47,0,positif,en,"this is real,",this is real,"['this', 'is', 'real']",['real'],['real'],real
Pengguna Google,It's slow process and refreshing tab screen. Just like Upwork app in other device😏,3,2019-08-29 11:06:20,0,netral,en,it's slow process and refreshing tab screen. just like upwork app in other device😏,its slow process and refreshing tab screen just like upwork app in other device,"['its', 'slow', 'process', 'and', 'refreshing', 'tab', 'screen', 'just', 'like', 'upwork', 'app', 'in', 'other', 'device']","['slow', 'process', 'refreshing', 'tab', 'screen', 'like', 'upwork', 'app', 'device']","['slow', 'process', 'refresh', 'tab', 'screen', 'like', 'upwork', 'app', 'devic']",slow process refresh tab screen like upwork app devic
Pengguna Google,"Nice App, very helpful to work in mobile",5,2019-08-27 15:53:32,0,positif,en,"nice app, very helpful to work in mobile",nice app very helpful to work in mobile,"['nice', 'app', 'very', 'helpful', 'to', 'work', 'in', 'mobile']","['nice', 'app', 'helpful', 'work', 'mobile']","['nice', 'app', 'help', 'work', 'mobil']",nice app help work mobil
Pengguna Google,Great App. Thank you 👌,5,2019-08-14 12:22:29,0,positif,en,great app. thank you 👌,great app thank you,"['great', 'app', 'thank', 'you']","['great', 'app', 'thank']","['great', 'app', 'thank']",great app thank
Pengguna Google,the best app for freelancer,5,2019-08-08 06:29:38,0,positif,en,the best app for freelancer,the best app for freelancer,"['the', 'best', 'app', 'for', 'freelancer']","['best', 'app', 'freelancer']","['best', 'app', 'freelanc']",best app freelanc
Pengguna Google,The Best Companies for Get a Freelance 😏,5,2019-08-05 09:51:29,0,positif,en,the best companies for get a freelance 😏,the best companies for get a freelance,"['the', 'best', 'companies', 'for', 'get', 'a', 'freelance']","['best', 'companies', 'get', 'freelance']","['best', 'compani', 'get', 'freelanc']",best compani get freelanc
Pengguna Google,Susah buat dapet approvalnya.,3,2019-06-24 10:15:18,0,netral,id,susah buat dapet approvalnya.,susah buat dapet approvalnya,"['susah', 'buat', 'dapet', 'approvalnya']","['susah', 'dapet', 'approvalnya']","['susah', 'dapet', 'approvalnya']",susah dapet approvalnya
Pengguna Google,Really help full. Thanks.,5,2019-06-21 14:29:09,0,positif,en,really help full. thanks.,really help full thanks,"['really', 'help', 'full', 'thanks']","['really', 'help', 'full', 'thanks']","['realli', 'help', 'full', 'thank']",realli help full thank
Pengguna Google,nice app to earning dolla with skill,5,2019-06-16 04:57:10,0,positif,en,nice app to earning dolla with skill,nice app to earning dolla with skill,"['nice', 'app', 'to', 'earning', 'dolla', 'with', 'skill']","['nice', 'app', 'earning', 'dolla', 'skill']","['nice', 'app', 'earn', 'dolla', 'skill']",nice app earn dolla skill
Pengguna Google,"it has slower refresh rate rather than opening upwork site on chrome, so I'll come back later once it's improved.",3,2019-06-07 03:38:08,0,netral,en,"it has slower refresh rate rather than opening upwork site on chrome, so i'll come back later once it's improved.",it has slower refresh rate rather than opening upwork site on chrome so ill come back later once its improved,"['it', 'has', 'slower', 'refresh', 'rate', 'rather', 'than', 'opening', 'upwork', 'site', 'on', 'chrome', 'so', 'ill', 'come', 'back', 'later', 'once', 'its', 'improved']","['slower', 'refresh', 'rate', 'rather', 'opening', 'upwork', 'site', 'chrome', 'ill', 'come', 'back', 'later', 'improved']","['slower', 'refresh', 'rate', 'rather', 'open', 'upwork', 'site', 'chrome', 'ill', 'come', 'back', 'later', 'improv']",slower refresh rate rather open upwork site chrome ill come back later improv
Pengguna Google,more easy to apply than before. I hope in the future more complete and light to use,5,2019-06-06 07:31:07,1,positif,en,more easy to apply than before. i hope in the future more complete and light to use,more easy to apply than before i hope in the future more complete and light to use,"['more', 'easy', 'to', 'apply', 'than', 'before', 'i', 'hope', 'in', 'the', 'future', 'more', 'complete', 'and', 'light', 'to', 'use']","['easy', 'apply', 'hope', 'future', 'complete', 'light', 'use']","['easi', 'appli', 'hope', 'futur', 'complet', 'light', 'use']",easi appli hope futur complet light use
Pengguna Google,susah baaaatttddhhh di acc nyak baru daptar,3,2019-06-01 17:08:50,0,netral,id,susah baaaatttddhhh di acc nyak baru daptar,susah baaaatttddhhh di acc nyak baru daptar,"['susah', 'baaaatttddhhh', 'di', 'acc', 'nyak', 'baru', 'daptar']","['susah', 'baaaatttddhhh', 'acc', 'nyak', 'daptar']","['susah', 'baaaatttddhhh', 'acc', 'nyak', 'daptar']",susah baaaatttddhhh acc nyak daptar
Pengguna Google,very good app,5,2019-05-28 02:49:19,0,positif,en,very good app,very good app,"['very', 'good', 'app']","['good', 'app']","['good', 'app']",good app
Pengguna Google,is the best,5,2019-05-25 04:50:00,0,positif,en,is the best,is the best,"['is', 'the', 'best']",['best'],['best'],best
Pengguna Google,good application to get money,5,2019-05-20 15:57:06,0,positif,en,good application to get money,good application to get money,"['good', 'application', 'to', 'get', 'money']","['good', 'application', 'get', 'money']","['good', 'applic', 'get', 'money']",good applic get money
Pengguna Google,"well overall is good, my priority job and income, came from this app, but still too heavy application",4,2019-05-20 13:08:08,3,positif,en,"well overall is good, my priority job and income, came from this app, but still too heavy application",well overall is good my priority job and income came from this app but still too heavy application,"['well', 'overall', 'is', 'good', 'my', 'priority', 'job', 'and', 'income', 'came', 'from', 'this', 'app', 'but', 'still', 'too', 'heavy', 'application']","['well', 'overall', 'good', 'priority', 'job', 'income', 'came', 'app', 'still', 'heavy', 'application']","['well', 'overal', 'good', 'prioriti', 'job', 'incom', 'came', 'app', 'still', 'heavi', 'applic']",well overal good prioriti job incom came app still heavi applic
Pengguna Google,it takes forever to access my message and job search. kinda heavy app. it loads more time than the old app.,3,2019-05-04 09:38:32,19,netral,en,it takes forever to access my message and job search. kinda heavy app. it loads more time than the old app.,it takes forever to access my message and job search kinda heavy app it loads more time than the old app,"['it', 'takes', 'forever', 'to', 'access', 'my', 'message', 'and', 'job', 'search', 'kinda', 'heavy', 'app', 'it', 'loads', 'more', 'time', 'than', 'the', 'old', 'app']","['takes', 'forever', 'access', 'message', 'job', 'search', 'kinda', 'heavy', 'app', 'loads', 'time', 'old', 'app']","['take', 'forev', 'access', 'messag', 'job', 'search', 'kinda', 'heavi', 'app', 'load', 'time', 'old', 'app']",take forev access messag job search kinda heavi app load time old app
